BXuRRbG0Ugk_6,4
Clx4VXItLTE_24,4
G-xst2euQUc_18,3
G-xst2euQUc_19,4
G-xst2euQUc_16,3
G-xst2euQUc_17,3
G-xst2euQUc_14,2
G-xst2euQUc_15,4
G-xst2euQUc_12,5
G-xst2euQUc_13,5
G-xst2euQUc_10,4
G-xst2euQUc_11,2
2WGyTLYerpo_12,4
2WGyTLYerpo_13,5
2WGyTLYerpo_10,4
2WGyTLYerpo_11,5
2WGyTLYerpo_16,5
2WGyTLYerpo_17,6
2WGyTLYerpo_14,3
2WGyTLYerpo_15,4
2WGyTLYerpo_18,5
2WGyTLYerpo_19,4
Njd1F0vZSm4_1,4
Njd1F0vZSm4_3,5
Njd1F0vZSm4_2,6
Njd1F0vZSm4_5,3
Njd1F0vZSm4_4,5
Njd1F0vZSm4_7,2
Njd1F0vZSm4_6,5
Njd1F0vZSm4_9,1
Njd1F0vZSm4_8,1
0h-zjBukYpk_19,3
0h-zjBukYpk_18,1
0h-zjBukYpk_15,3
0h-zjBukYpk_14,4
0h-zjBukYpk_17,3
0h-zjBukYpk_16,4
0h-zjBukYpk_11,3
0h-zjBukYpk_10,2
0h-zjBukYpk_13,4
0h-zjBukYpk_12,2
k5Y_838nuGo_30,5
k5Y_838nuGo_31,2
IumbAb8q2dM_14,4
IumbAb8q2dM_15,5
IumbAb8q2dM_16,5
IumbAb8q2dM_17,5
IumbAb8q2dM_10,3
IumbAb8q2dM_11,2
IumbAb8q2dM_12,4
IumbAb8q2dM_13,5
IumbAb8q2dM_18,4
IumbAb8q2dM_19,5
yDtzw_Y-7RU_17,3
bOL9jKpeJRs_27,3
atnd_PF-Lbs_18,2
yDtzw_Y-7RU_14,5
Nzq88NnDkEk_18,2
bOL9jKpeJRs_23,2
bOL9jKpeJRs_20,5
bOL9jKpeJRs_21,2
Nzq88NnDkEk_15,2
Nzq88NnDkEk_17,1
Sqr0AcuoNnk_20,3
Sqr0AcuoNnk_21,1
Sqr0AcuoNnk_22,2
bOL9jKpeJRs_28,3
bOL9jKpeJRs_29,3
BI97DNYfe5I_19,5
BI97DNYfe5I_18,5
BI97DNYfe5I_13,4
BI97DNYfe5I_12,5
BI97DNYfe5I_11,5
BI97DNYfe5I_10,6
BI97DNYfe5I_17,5
BI97DNYfe5I_16,4
BI97DNYfe5I_15,5
BI97DNYfe5I_14,5
VbQk4H8hgr0_39,1
VbQk4H8hgr0_38,3
VbQk4H8hgr0_33,3
VbQk4H8hgr0_32,0
VbQk4H8hgr0_31,2
VbQk4H8hgr0_30,3
VbQk4H8hgr0_37,1
VbQk4H8hgr0_36,2
VbQk4H8hgr0_35,1
VbQk4H8hgr0_34,3
Bfr499ggo-0_2,2
Bfr499ggo-0_3,5
Bfr499ggo-0_1,1
Bfr499ggo-0_6,2
Bfr499ggo-0_7,2
Bfr499ggo-0_4,2
Bfr499ggo-0_5,1
Bfr499ggo-0_8,2
Bfr499ggo-0_9,3
POKffnXeBds_6,1
POKffnXeBds_7,2
8OtFthrtaJM_1,3
5W7Z1C_fDaE_5,5
5W7Z1C_fDaE_2,4
POKffnXeBds_3,2
8OtFthrtaJM_5,3
5W7Z1C_fDaE_1,5
8OtFthrtaJM_9,3
8OtFthrtaJM_8,3
5W7Z1C_fDaE_8,6
POKffnXeBds_9,1
Jkswaaud0hk_9,4
f9O3YtZ2VfI_13,1
f9O3YtZ2VfI_12,1
f9O3YtZ2VfI_11,2
f9O3YtZ2VfI_10,1
f9O3YtZ2VfI_17,1
f9O3YtZ2VfI_16,2
f9O3YtZ2VfI_15,2
f9O3YtZ2VfI_14,4
f9O3YtZ2VfI_19,2
f9O3YtZ2VfI_18,2
tIrG4oNLFzE_10,1
tIrG4oNLFzE_11,1
5W7Z1C_fDaE_6,4
tIrG4oNLFzE_13,1
tIrG4oNLFzE_14,1
tIrG4oNLFzE_15,1
tIrG4oNLFzE_16,1
tIrG4oNLFzE_17,3
tIrG4oNLFzE_18,1
BvYR0L6f2Ig_20,6
BvYR0L6f2Ig_21,5
BvYR0L6f2Ig_22,2
BvYR0L6f2Ig_23,5
BvYR0L6f2Ig_24,5
BvYR0L6f2Ig_25,5
BvYR0L6f2Ig_26,4
HEsqda8_d0Q_34,1
HEsqda8_d0Q_30,5
HEsqda8_d0Q_31,5
HEsqda8_d0Q_32,4
HEsqda8_d0Q_33,3
phBUpBr1hSo_21,4
phBUpBr1hSo_20,2
wMbj6ajWbic_27,3
wMbj6ajWbic_26,5
wMbj6ajWbic_25,5
wMbj6ajWbic_24,4
wMbj6ajWbic_23,5
wMbj6ajWbic_22,4
wMbj6ajWbic_21,5
wMbj6ajWbic_20,3
wMbj6ajWbic_29,5
wMbj6ajWbic_28,5
TvyZBvOMOTc_4,4
73jzhE8R1TQ_17,3
73jzhE8R1TQ_16,3
73jzhE8R1TQ_15,1
73jzhE8R1TQ_14,3
73jzhE8R1TQ_13,2
73jzhE8R1TQ_12,2
73jzhE8R1TQ_11,2
73jzhE8R1TQ_10,4
73jzhE8R1TQ_19,2
73jzhE8R1TQ_18,1
TvyZBvOMOTc_7,5
vyB00TXsimI_14,5
G6GlGvlkxAQ_4,4
G6GlGvlkxAQ_5,5
G6GlGvlkxAQ_6,6
G6GlGvlkxAQ_7,5
G6GlGvlkxAQ_1,6
G6GlGvlkxAQ_2,4
G6GlGvlkxAQ_3,4
G6GlGvlkxAQ_8,4
G6GlGvlkxAQ_9,4
Qr1Ca94K55A_14,6
Qr1Ca94K55A_13,1
Qr1Ca94K55A_12,1
Qr1Ca94K55A_11,5
Qr1Ca94K55A_10,1
0h-zjBukYpk_20,4
0h-zjBukYpk_21,5
0h-zjBukYpk_22,5
0h-zjBukYpk_23,6
0h-zjBukYpk_24,6
0h-zjBukYpk_25,5
aiEXnCPZubE_18,3
aiEXnCPZubE_19,3
aiEXnCPZubE_12,3
aiEXnCPZubE_13,1
aiEXnCPZubE_10,3
aiEXnCPZubE_11,4
aiEXnCPZubE_16,3
aiEXnCPZubE_17,1
aiEXnCPZubE_14,0
aiEXnCPZubE_15,0
tmZoasNr4rU_19,3
tmZoasNr4rU_18,3
tmZoasNr4rU_17,2
tmZoasNr4rU_16,2
tmZoasNr4rU_15,3
tmZoasNr4rU_14,1
tmZoasNr4rU_13,2
tmZoasNr4rU_12,1
tmZoasNr4rU_11,2
tmZoasNr4rU_10,1
k5Y_838nuGo_29,2
7JsX8y1ysxY_18,3
vyB00TXsimI_10,4
k5Y_838nuGo_26,5
k5Y_838nuGo_25,3
k5Y_838nuGo_24,4
k5Y_838nuGo_23,3
k5Y_838nuGo_22,3
k5Y_838nuGo_21,3
k5Y_838nuGo_20,3
TvyZBvOMOTc_2,5
f9O3YtZ2VfI_27,5
8OtFthrtaJM_2,2
nzpVDcQ0ywM_19,1
nzpVDcQ0ywM_18,4
nzpVDcQ0ywM_13,2
nzpVDcQ0ywM_12,2
nzpVDcQ0ywM_11,3
nzpVDcQ0ywM_10,2
nzpVDcQ0ywM_17,5
nzpVDcQ0ywM_16,4
nzpVDcQ0ywM_15,2
nzpVDcQ0ywM_14,3
6_0THN4chvY_7,4
6_0THN4chvY_6,5
iiK8YX8oH1E_15,4
6_0THN4chvY_4,5
vyB00TXsimI_12,3
iiK8YX8oH1E_12,5
6_0THN4chvY_1,5
iiK8YX8oH1E_10,3
6_0THN4chvY_9,2
6_0THN4chvY_8,5
iiK8YX8oH1E_14,2
iiK8YX8oH1E_13,1
VbQk4H8hgr0_6,1
QN9ZIUWUXsY_10,4
QN9ZIUWUXsY_11,2
QN9ZIUWUXsY_12,2
QN9ZIUWUXsY_13,5
QN9ZIUWUXsY_14,6
QN9ZIUWUXsY_15,5
QN9ZIUWUXsY_16,5
QN9ZIUWUXsY_17,2
QN9ZIUWUXsY_18,1
yvsjCA6Y5Fc_23,2
yvsjCA6Y5Fc_20,4
yvsjCA6Y5Fc_21,1
8OtFthrtaJM_6,0
nbWiPyCm4g0_10,4
8qrpnFRGt2A_1,2
MLal-t_vJPM_2,5
8qrpnFRGt2A_3,1
8qrpnFRGt2A_2,3
8OtFthrtaJM_4,1
MLal-t_vJPM_6,6
8qrpnFRGt2A_7,1
8qrpnFRGt2A_6,0
wMbj6ajWbic_4,4
wMbj6ajWbic_5,3
MLal-t_vJPM_9,5
wMbj6ajWbic_7,2
wMbj6ajWbic_1,4
9T9Hf74oK10_8,1
9T9Hf74oK10_9,5
8OtFthrtaJM_22,5
8OtFthrtaJM_23,2
8OtFthrtaJM_20,1
8OtFthrtaJM_21,1
aiEXnCPZubE_1,1
aiEXnCPZubE_2,2
aiEXnCPZubE_3,2
aiEXnCPZubE_4,1
aiEXnCPZubE_5,3
aiEXnCPZubE_6,6
aiEXnCPZubE_7,5
aiEXnCPZubE_8,1
aiEXnCPZubE_9,3
tStelxIAHjw_9,2
tStelxIAHjw_8,1
tStelxIAHjw_5,1
tStelxIAHjw_4,0
tStelxIAHjw_7,4
tStelxIAHjw_6,5
tStelxIAHjw_1,3
tStelxIAHjw_3,4
tStelxIAHjw_2,1
X3j2zQgwYgE_11,3
X3j2zQgwYgE_10,2
yDtzw_Y-7RU_24,2
yDtzw_Y-7RU_22,5
yDtzw_Y-7RU_23,5
yDtzw_Y-7RU_20,2
yDtzw_Y-7RU_21,3
TvyZBvOMOTc_15,5
TvyZBvOMOTc_14,2
TvyZBvOMOTc_11,4
TvyZBvOMOTc_10,3
TvyZBvOMOTc_13,5
TvyZBvOMOTc_12,4
1DmNV9C1hbY_8,1
1DmNV9C1hbY_9,5
1DmNV9C1hbY_4,5
1DmNV9C1hbY_5,1
1DmNV9C1hbY_6,1
1DmNV9C1hbY_7,1
1DmNV9C1hbY_1,1
1DmNV9C1hbY_2,5
1DmNV9C1hbY_3,4
HEsqda8_d0Q_23,3
HEsqda8_d0Q_22,3
HEsqda8_d0Q_21,4
HEsqda8_d0Q_20,6
HEsqda8_d0Q_27,3
HEsqda8_d0Q_26,2
HEsqda8_d0Q_25,5
HEsqda8_d0Q_24,5
HEsqda8_d0Q_29,3
HEsqda8_d0Q_28,5
6_0THN4chvY_2,4
rnaNMUZpvvg_12,2
rnaNMUZpvvg_13,1
Af8D0E4ZXaw_22,1
9qR7uwkblbs_9,2
9qR7uwkblbs_8,4
9qR7uwkblbs_5,4
9qR7uwkblbs_4,6
9qR7uwkblbs_7,5
9qR7uwkblbs_6,1
9qR7uwkblbs_1,2
9qR7uwkblbs_3,4
9qR7uwkblbs_2,6
G6GlGvlkxAQ_29,5
G6GlGvlkxAQ_28,3
G6GlGvlkxAQ_27,3
G6GlGvlkxAQ_26,3
G6GlGvlkxAQ_25,5
G6GlGvlkxAQ_24,5
G6GlGvlkxAQ_23,2
G6GlGvlkxAQ_22,4
G6GlGvlkxAQ_21,3
G6GlGvlkxAQ_20,3
rnaNMUZpvvg_18,1
jUzDDGyPkXU_2,6
LSi-o-IrDMs_29,4
wMbj6ajWbic_19,2
HEsqda8_d0Q_1,6
HEsqda8_d0Q_2,5
HEsqda8_d0Q_3,5
HEsqda8_d0Q_4,3
HEsqda8_d0Q_5,2
Dg_0XKD0Mf4_18,4
wMbj6ajWbic_17,5
Dg_0XKD0Mf4_16,4
Dg_0XKD0Mf4_17,3
Dg_0XKD0Mf4_14,2
Dg_0XKD0Mf4_15,4
Dg_0XKD0Mf4_12,4
LSi-o-IrDMs_25,3
Dg_0XKD0Mf4_10,1
Dg_0XKD0Mf4_11,5
wMbj6ajWbic_15,5
wMbj6ajWbic_12,5
wMbj6ajWbic_13,5
wMbj6ajWbic_10,1
phBUpBr1hSo_19,5
pLTX3ipuDJI_1,1
pLTX3ipuDJI_2,1
pLTX3ipuDJI_3,2
2WGyTLYerpo_38,4
pLTX3ipuDJI_5,1
pLTX3ipuDJI_6,2
pLTX3ipuDJI_7,4
2WGyTLYerpo_34,4
pLTX3ipuDJI_9,3
2WGyTLYerpo_36,4
2WGyTLYerpo_37,4
2WGyTLYerpo_30,3
2WGyTLYerpo_31,5
2WGyTLYerpo_32,5
2WGyTLYerpo_33,4
Nzq88NnDkEk_19,1
BvYR0L6f2Ig_10,1
_dI--eQ6qVU_28,3
_dI--eQ6qVU_25,6
_dI--eQ6qVU_24,4
_dI--eQ6qVU_27,3
_dI--eQ6qVU_26,2
_dI--eQ6qVU_21,5
_dI--eQ6qVU_20,3
_dI--eQ6qVU_23,3
_dI--eQ6qVU_22,5
lXPQBPVc5Cw_9,0
lXPQBPVc5Cw_8,6
d6hH302o4v8_18,1
d6hH302o4v8_19,0
Ci-AH39fi3Y_9,5
Ci-AH39fi3Y_8,5
Ci-AH39fi3Y_5,5
Ci-AH39fi3Y_4,5
Ci-AH39fi3Y_7,4
d6hH302o4v8_11,2
Ci-AH39fi3Y_1,5
d6hH302o4v8_17,1
d6hH302o4v8_14,1
d6hH302o4v8_15,1
W8NXH0Djyww_1,6
W8NXH0Djyww_2,3
W8NXH0Djyww_3,5
W8NXH0Djyww_4,4
W8NXH0Djyww_5,2
W8NXH0Djyww_6,5
W8NXH0Djyww_7,5
W8NXH0Djyww_8,5
W8NXH0Djyww_9,5
6Egk_28TtTM_12,5
6Egk_28TtTM_11,2
6Egk_28TtTM_10,4
c7UH_rxdZv4_8,0
c7UH_rxdZv4_9,3
c7UH_rxdZv4_2,0
c7UH_rxdZv4_3,2
c7UH_rxdZv4_1,0
c7UH_rxdZv4_6,0
c7UH_rxdZv4_7,0
c7UH_rxdZv4_4,5
c7UH_rxdZv4_5,1
G-xst2euQUc_21,4
G-xst2euQUc_20,5
9c67fiY0wGQ_8,5
9c67fiY0wGQ_9,5
9c67fiY0wGQ_4,5
9c67fiY0wGQ_5,5
9c67fiY0wGQ_6,5
9c67fiY0wGQ_7,5
9c67fiY0wGQ_1,3
9c67fiY0wGQ_2,5
9c67fiY0wGQ_3,5
X3j2zQgwYgE_9,1
X3j2zQgwYgE_8,3
X3j2zQgwYgE_7,3
X3j2zQgwYgE_6,3
X3j2zQgwYgE_5,1
X3j2zQgwYgE_4,3
X3j2zQgwYgE_3,1
X3j2zQgwYgE_2,1
X3j2zQgwYgE_1,4
d6hH302o4v8_12,4
pLTX3ipuDJI_13,2
d6hH302o4v8_10,2
Ci-AH39fi3Y_6,5
aiEXnCPZubE_30,6
d6hH302o4v8_16,1
k5Y_838nuGo_4,4
k5Y_838nuGo_5,2
k5Y_838nuGo_6,5
k5Y_838nuGo_7,1
k5Y_838nuGo_1,1
k5Y_838nuGo_2,4
k5Y_838nuGo_3,4
Ci-AH39fi3Y_2,5
k5Y_838nuGo_8,2
k5Y_838nuGo_9,5
ob23OKe5a9Q_1,4
ob23OKe5a9Q_3,2
ZUXBRvtny7o_9,4
ob23OKe5a9Q_5,1
ob23OKe5a9Q_4,1
ob23OKe5a9Q_7,4
ob23OKe5a9Q_6,3
ZUXBRvtny7o_2,2
ZUXBRvtny7o_3,4
ZUXBRvtny7o_1,5
ZUXBRvtny7o_6,3
ZUXBRvtny7o_7,5
ZUXBRvtny7o_4,5
ZUXBRvtny7o_5,4
2WGyTLYerpo_29,4
2WGyTLYerpo_28,5
2WGyTLYerpo_23,3
2WGyTLYerpo_22,2
2WGyTLYerpo_21,4
2WGyTLYerpo_20,4
2WGyTLYerpo_27,5
2WGyTLYerpo_26,5
2WGyTLYerpo_25,5
2WGyTLYerpo_24,5
aiEXnCPZubE_21,1
BioHAh1qJAQ_5,4
BioHAh1qJAQ_4,3
BioHAh1qJAQ_7,6
BioHAh1qJAQ_6,1
BioHAh1qJAQ_1,4
BioHAh1qJAQ_3,3
dq3Nf_lMPnE_4,3
BioHAh1qJAQ_9,5
dq3Nf_lMPnE_7,1
BvYR0L6f2Ig_1,5
yDtzw_Y-7RU_15,4
ZUXBRvtny7o_26,5
VCslbP0mgZI_16,1
aiEXnCPZubE_25,5
03bSnISJMiM_5,3
03bSnISJMiM_4,1
03bSnISJMiM_7,4
03bSnISJMiM_6,3
03bSnISJMiM_1,5
03bSnISJMiM_3,2
03bSnISJMiM_2,2
03bSnISJMiM_9,3
03bSnISJMiM_8,3
jUzDDGyPkXU_19,5
jUzDDGyPkXU_18,1
jUzDDGyPkXU_15,4
jUzDDGyPkXU_14,4
jUzDDGyPkXU_17,0
jUzDDGyPkXU_16,4
jUzDDGyPkXU_11,5
jUzDDGyPkXU_10,5
jUzDDGyPkXU_13,2
jUzDDGyPkXU_12,4
cXypl4FnoZo_18,3
cXypl4FnoZo_19,4
cXypl4FnoZo_16,2
cXypl4FnoZo_17,2
cXypl4FnoZo_14,2
zhpQhgha_KU_31,2
cXypl4FnoZo_12,5
cXypl4FnoZo_13,2
cXypl4FnoZo_10,5
cXypl4FnoZo_11,4
_dI--eQ6qVU_18,4
_dI--eQ6qVU_19,4
_dI--eQ6qVU_10,4
_dI--eQ6qVU_11,3
_dI--eQ6qVU_12,6
_dI--eQ6qVU_13,6
_dI--eQ6qVU_14,5
_dI--eQ6qVU_15,5
_dI--eQ6qVU_16,4
_dI--eQ6qVU_17,3
9T9Hf74oK10_1,2
Ci-AH39fi3Y_3,3
Clx4VXItLTE_9,2
Clx4VXItLTE_8,4
Clx4VXItLTE_5,2
Clx4VXItLTE_4,2
Clx4VXItLTE_7,4
Clx4VXItLTE_6,3
Clx4VXItLTE_1,2
Clx4VXItLTE_3,3
Clx4VXItLTE_2,4
2iD-tVS8NPw_14,2
k5Y_838nuGo_17,4
Af8D0E4ZXaw_30,2
Af8D0E4ZXaw_31,3
k5Y_838nuGo_14,1
2iD-tVS8NPw_17,2
k5Y_838nuGo_12,3
k5Y_838nuGo_13,4
2iD-tVS8NPw_12,4
k5Y_838nuGo_11,4
yDtzw_Y-7RU_19,1
8OtFthrtaJM_3,1
pLTX3ipuDJI_11,4
5W7Z1C_fDaE_7,5
POKffnXeBds_4,1
POKffnXeBds_5,1
8OtFthrtaJM_7,2
yDtzw_Y-7RU_18,1
5W7Z1C_fDaE_3,4
aiEXnCPZubE_23,4
OtBXNcAL_lE_10,3
vyB00TXsimI_17,4
vyB00TXsimI_16,3
vyB00TXsimI_11,3
OtBXNcAL_lE_14,2
OtBXNcAL_lE_17,2
OtBXNcAL_lE_16,2
OtBXNcAL_lE_19,1
OtBXNcAL_lE_18,2
aiEXnCPZubE_29,6
aiEXnCPZubE_28,4
vyB00TXsimI_19,4
vyB00TXsimI_18,5
Dg_0XKD0Mf4_8,3
Dg_0XKD0Mf4_9,1
Dg_0XKD0Mf4_4,3
Dg_0XKD0Mf4_5,4
Dg_0XKD0Mf4_6,1
Dg_0XKD0Mf4_7,1
Dg_0XKD0Mf4_1,2
Dg_0XKD0Mf4_2,4
Dg_0XKD0Mf4_3,4
cW1FSBF59ik_16,6
POKffnXeBds_8,1
lXPQBPVc5Cw_10,1
5W7Z1C_fDaE_9,5
ZUXBRvtny7o_33,4
lXPQBPVc5Cw_13,6
WKA5OygbEKI_8,3
WKA5OygbEKI_9,4
lXPQBPVc5Cw_12,1
dq3Nf_lMPnE_15,4
lXPQBPVc5Cw_15,0
WKA5OygbEKI_2,5
WKA5OygbEKI_3,4
dq3Nf_lMPnE_11,2
dq3Nf_lMPnE_10,4
WKA5OygbEKI_6,2
dq3Nf_lMPnE_12,1
lXPQBPVc5Cw_17,1
lXPQBPVc5Cw_16,3
BXuRRbG0Ugk_2,4
c5xsKMxpXnc_2,0
vyB00TXsimI_3,5
BXuRRbG0Ugk_19,3
BXuRRbG0Ugk_18,2
BXuRRbG0Ugk_15,2
BXuRRbG0Ugk_14,1
BXuRRbG0Ugk_17,1
BXuRRbG0Ugk_16,3
BXuRRbG0Ugk_11,1
BXuRRbG0Ugk_10,5
BXuRRbG0Ugk_13,4
BXuRRbG0Ugk_12,4
yvsjCA6Y5Fc_13,1
yvsjCA6Y5Fc_12,2
yvsjCA6Y5Fc_11,5
yvsjCA6Y5Fc_10,1
yvsjCA6Y5Fc_17,2
yvsjCA6Y5Fc_16,1
yvsjCA6Y5Fc_15,1
yvsjCA6Y5Fc_14,2
yvsjCA6Y5Fc_19,1
yvsjCA6Y5Fc_18,1
atnd_PF-Lbs_1,0
c5xsKMxpXnc_6,1
Clx4VXItLTE_28,3
phBUpBr1hSo_5,2
ZUXBRvtny7o_30,3
ZUXBRvtny7o_31,4
6_0THN4chvY_14,5
6_0THN4chvY_13,5
6_0THN4chvY_12,5
6_0THN4chvY_11,3
6_0THN4chvY_10,3
ZUXBRvtny7o_34,5
jUzDDGyPkXU_20,1
jUzDDGyPkXU_21,2
jUzDDGyPkXU_22,1
jUzDDGyPkXU_23,4
jUzDDGyPkXU_24,2
jUzDDGyPkXU_25,1
jUzDDGyPkXU_26,1
jUzDDGyPkXU_27,1
8OtFthrtaJM_13,1
8OtFthrtaJM_12,2
8OtFthrtaJM_11,2
8OtFthrtaJM_10,4
BXuRRbG0Ugk_9,2
BXuRRbG0Ugk_8,5
8OtFthrtaJM_15,3
IumbAb8q2dM_3,4
BXuRRbG0Ugk_5,3
BXuRRbG0Ugk_4,3
BXuRRbG0Ugk_7,3
8OtFthrtaJM_18,4
BXuRRbG0Ugk_1,2
BXuRRbG0Ugk_3,3
Clx4VXItLTE_25,4
cM3Yna7AavY_13,1
cM3Yna7AavY_12,2
cM3Yna7AavY_11,5
cM3Yna7AavY_10,5
cM3Yna7AavY_16,0
cM3Yna7AavY_15,1
cM3Yna7AavY_14,0
bOL9jKpeJRs_26,4
yDtzw_Y-7RU_16,4
bOL9jKpeJRs_24,2
bOL9jKpeJRs_25,2
yDtzw_Y-7RU_13,1
yDtzw_Y-7RU_12,2
yDtzw_Y-7RU_11,2
yDtzw_Y-7RU_10,2
atnd_PF-Lbs_12,1
atnd_PF-Lbs_13,1
atnd_PF-Lbs_10,1
atnd_PF-Lbs_11,3
atnd_PF-Lbs_16,5
atnd_PF-Lbs_17,4
atnd_PF-Lbs_14,3
atnd_PF-Lbs_15,3
atnd_PF-Lbs_6,3
d6hH302o4v8_34,0
d6hH302o4v8_35,1
d6hH302o4v8_36,1
d6hH302o4v8_37,1
d6hH302o4v8_30,0
d6hH302o4v8_31,2
d6hH302o4v8_32,2
d6hH302o4v8_33,0
d6hH302o4v8_38,0
d6hH302o4v8_39,0
9T9Hf74oK10_10,2
zhpQhgha_KU_35,4
9T9Hf74oK10_14,5
zhpQhgha_KU_30,1
c7UH_rxdZv4_19,1
Af8D0E4ZXaw_29,3
Af8D0E4ZXaw_28,3
9T9Hf74oK10_16,6
Af8D0E4ZXaw_21,2
Af8D0E4ZXaw_20,5
Af8D0E4ZXaw_23,2
9T9Hf74oK10_17,3
Af8D0E4ZXaw_25,0
Af8D0E4ZXaw_24,1
Af8D0E4ZXaw_27,1
Af8D0E4ZXaw_26,1
c7UH_rxdZv4_14,4
c7UH_rxdZv4_15,1
ob23OKe5a9Q_8,4
tIrG4oNLFzE_12,0
lXPQBPVc5Cw_1,3
lXPQBPVc5Cw_3,1
lXPQBPVc5Cw_2,1
lXPQBPVc5Cw_5,2
lXPQBPVc5Cw_4,2
lXPQBPVc5Cw_7,0
lXPQBPVc5Cw_6,2
ob23OKe5a9Q_11,4
ob23OKe5a9Q_10,4
ob23OKe5a9Q_13,4
ob23OKe5a9Q_12,6
ob23OKe5a9Q_14,4
vyB00TXsimI_20,5
vyB00TXsimI_21,4
vyB00TXsimI_22,4
2WGyTLYerpo_8,5
2WGyTLYerpo_9,3
2WGyTLYerpo_1,5
2WGyTLYerpo_2,3
2WGyTLYerpo_3,3
2WGyTLYerpo_4,3
2WGyTLYerpo_5,3
2WGyTLYerpo_6,5
2WGyTLYerpo_7,5
73jzhE8R1TQ_9,4
73jzhE8R1TQ_8,5
73jzhE8R1TQ_7,4
73jzhE8R1TQ_6,5
73jzhE8R1TQ_5,2
73jzhE8R1TQ_4,5
73jzhE8R1TQ_3,2
73jzhE8R1TQ_2,2
73jzhE8R1TQ_1,4
yvsjCA6Y5Fc_3,1
yvsjCA6Y5Fc_2,2
yvsjCA6Y5Fc_1,1
yvsjCA6Y5Fc_7,1
yvsjCA6Y5Fc_6,3
yvsjCA6Y5Fc_5,3
yvsjCA6Y5Fc_4,3
yvsjCA6Y5Fc_9,2
yvsjCA6Y5Fc_8,3
Jkswaaud0hk_19,5
c5xsKMxpXnc_13,2
OtBXNcAL_lE_24,1
OtBXNcAL_lE_20,1
OtBXNcAL_lE_21,1
OtBXNcAL_lE_22,1
OtBXNcAL_lE_23,3
lXPQBPVc5Cw_19,1
lXPQBPVc5Cw_18,2
cW1FSBF59ik_18,6
cW1FSBF59ik_19,3
lXPQBPVc5Cw_11,1
cW1FSBF59ik_17,5
cW1FSBF59ik_14,2
cW1FSBF59ik_15,0
cW1FSBF59ik_12,5
lXPQBPVc5Cw_14,1
cW1FSBF59ik_10,2
cW1FSBF59ik_11,2
BXuRRbG0Ugk_28,5
BXuRRbG0Ugk_29,5
ob23OKe5a9Q_2,4
BXuRRbG0Ugk_20,3
BXuRRbG0Ugk_21,5
BXuRRbG0Ugk_22,4
BXuRRbG0Ugk_23,4
BXuRRbG0Ugk_24,5
BXuRRbG0Ugk_25,4
BXuRRbG0Ugk_26,5
BXuRRbG0Ugk_27,3
PZ-lDQFboO8_2,1
PZ-lDQFboO8_3,1
PZ-lDQFboO8_1,2
PZ-lDQFboO8_6,1
PZ-lDQFboO8_7,1
PZ-lDQFboO8_4,2
PZ-lDQFboO8_5,4
PZ-lDQFboO8_8,2
PZ-lDQFboO8_9,1
tIrG4oNLFzE_7,2
IumbAb8q2dM_2,2
ob23OKe5a9Q_9,2
IumbAb8q2dM_1,4
IumbAb8q2dM_6,5
IumbAb8q2dM_7,2
IumbAb8q2dM_4,5
IumbAb8q2dM_5,6
IumbAb8q2dM_8,6
IumbAb8q2dM_9,5
9c67fiY0wGQ_12,5
9c67fiY0wGQ_10,5
9c67fiY0wGQ_11,5
c5xsKMxpXnc_12,1
Jkswaaud0hk_18,4
c5xsKMxpXnc_10,2
c5xsKMxpXnc_11,2
c5xsKMxpXnc_14,1
c5xsKMxpXnc_15,2
Jkswaaud0hk_11,5
Jkswaaud0hk_10,3
Jkswaaud0hk_13,5
Jkswaaud0hk_12,5
Jkswaaud0hk_15,5
Jkswaaud0hk_14,4
Jkswaaud0hk_17,3
Jkswaaud0hk_16,5
tIrG4oNLFzE_2,5
tIrG4oNLFzE_3,6
Oz06ZWiO20M_9,3
Oz06ZWiO20M_8,3
Oz06ZWiO20M_3,3
Oz06ZWiO20M_2,1
Oz06ZWiO20M_1,4
Oz06ZWiO20M_7,1
Oz06ZWiO20M_6,2
Oz06ZWiO20M_5,3
Oz06ZWiO20M_4,5
tIrG4oNLFzE_6,4
bOL9jKpeJRs_34,6
tIrG4oNLFzE_4,4
tIrG4oNLFzE_5,3
bOL9jKpeJRs_31,3
bOL9jKpeJRs_30,4
bOL9jKpeJRs_33,5
bOL9jKpeJRs_32,4
tIrG4oNLFzE_8,2
tIrG4oNLFzE_9,2
tIrG4oNLFzE_1,6
d6hH302o4v8_23,0
d6hH302o4v8_22,2
d6hH302o4v8_21,1
d6hH302o4v8_20,4
d6hH302o4v8_27,0
d6hH302o4v8_26,0
d6hH302o4v8_25,1
d6hH302o4v8_24,0
d6hH302o4v8_29,1
d6hH302o4v8_28,2
zhpQhgha_KU_18,4
zhpQhgha_KU_19,2
G-xst2euQUc_8,5
G-xst2euQUc_9,5
G-xst2euQUc_4,1
zhpQhgha_KU_13,2
G-xst2euQUc_6,5
zhpQhgha_KU_11,1
zhpQhgha_KU_16,5
G-xst2euQUc_1,5
G-xst2euQUc_2,3
G-xst2euQUc_3,2
c7UH_rxdZv4_32,1
c7UH_rxdZv4_33,1
c7UH_rxdZv4_30,4
c7UH_rxdZv4_31,2
TvyZBvOMOTc_5,4
BioHAh1qJAQ_2,5
Af8D0E4ZXaw_14,5
Af8D0E4ZXaw_15,5
Af8D0E4ZXaw_16,5
Af8D0E4ZXaw_17,4
Af8D0E4ZXaw_10,2
Af8D0E4ZXaw_11,3
Af8D0E4ZXaw_12,4
Af8D0E4ZXaw_13,5
Af8D0E4ZXaw_18,5
Af8D0E4ZXaw_19,5
BioHAh1qJAQ_8,5
VbQk4H8hgr0_15,5
VbQk4H8hgr0_14,2
PZ-lDQFboO8_12,1
zhpQhgha_KU_10,4
tmZoasNr4rU_7,2
tmZoasNr4rU_6,1
tmZoasNr4rU_5,2
tmZoasNr4rU_4,2
tmZoasNr4rU_3,1
tmZoasNr4rU_2,1
tmZoasNr4rU_1,3
tmZoasNr4rU_9,2
tmZoasNr4rU_8,1
7JsX8y1ysxY_11,2
7JsX8y1ysxY_13,1
Jkswaaud0hk_2,5
7JsX8y1ysxY_15,3
7JsX8y1ysxY_14,1
7JsX8y1ysxY_17,4
MLal-t_vJPM_12,1
7JsX8y1ysxY_16,5
v0zCBqDeKcE_2,3
7JsX8y1ysxY_19,3
v0zCBqDeKcE_3,4
Jkswaaud0hk_8,5
tStelxIAHjw_15,3
MLal-t_vJPM_17,2
tStelxIAHjw_16,4
tStelxIAHjw_11,0
tStelxIAHjw_10,3
tStelxIAHjw_13,1
v0zCBqDeKcE_5,5
lXPQBPVc5Cw_24,2
lXPQBPVc5Cw_25,1
lXPQBPVc5Cw_26,0
lXPQBPVc5Cw_27,0
lXPQBPVc5Cw_20,1
MLal-t_vJPM_15,2
lXPQBPVc5Cw_22,6
lXPQBPVc5Cw_23,1
v0zCBqDeKcE_7,4
lXPQBPVc5Cw_28,4
lXPQBPVc5Cw_29,2
BXuRRbG0Ugk_31,3
BXuRRbG0Ugk_30,1
cW1FSBF59ik_13,5
I5y0__X72p0_2,2
I5y0__X72p0_3,1
I5y0__X72p0_1,4
I5y0__X72p0_6,5
I5y0__X72p0_7,2
I5y0__X72p0_4,3
I5y0__X72p0_5,4
I5y0__X72p0_8,3
I5y0__X72p0_9,5
d3_k5Xpfmik_1,5
d3_k5Xpfmik_3,5
d3_k5Xpfmik_2,3
d3_k5Xpfmik_5,5
d3_k5Xpfmik_4,2
d3_k5Xpfmik_7,3
d3_k5Xpfmik_6,5
d3_k5Xpfmik_9,4
d3_k5Xpfmik_8,5
f_pcplsH_V0_12,2
f_pcplsH_V0_13,5
f_pcplsH_V0_10,4
f_pcplsH_V0_11,3
f_pcplsH_V0_14,2
f_pcplsH_V0_15,2
Jkswaaud0hk_20,5
9J25DZhivz8_22,2
cXypl4FnoZo_20,2
9J25DZhivz8_20,5
9J25DZhivz8_21,4
9J25DZhivz8_24,4
9J25DZhivz8_25,5
cXypl4FnoZo_27,4
vyB00TXsimI_4,5
vyB00TXsimI_7,5
cXypl4FnoZo_24,3
vyB00TXsimI_1,3
cXypl4FnoZo_22,3
cXypl4FnoZo_21,2
vyB00TXsimI_2,1
vyB00TXsimI_9,3
vyB00TXsimI_8,6
cXypl4FnoZo_29,2
cXypl4FnoZo_28,1
1iG0909rllw_16,2
BioHAh1qJAQ_14,6
1iG0909rllw_14,3
1iG0909rllw_15,2
1iG0909rllw_12,5
1iG0909rllw_13,4
1iG0909rllw_10,4
1iG0909rllw_11,5
BioHAh1qJAQ_19,5
BioHAh1qJAQ_18,5
1iG0909rllw_18,1
1iG0909rllw_19,2
OtBXNcAL_lE_11,3
9J25DZhivz8_9,6
9J25DZhivz8_8,5
9J25DZhivz8_3,5
9J25DZhivz8_2,5
9J25DZhivz8_1,5
9J25DZhivz8_7,5
9J25DZhivz8_6,6
9J25DZhivz8_5,5
9J25DZhivz8_4,6
OQvJTdtJ2H4_8,2
OQvJTdtJ2H4_9,1
OQvJTdtJ2H4_1,2
OQvJTdtJ2H4_2,2
OQvJTdtJ2H4_3,1
OQvJTdtJ2H4_4,1
OQvJTdtJ2H4_5,2
OQvJTdtJ2H4_6,2
OQvJTdtJ2H4_7,1
9T9Hf74oK10_25,2
9T9Hf74oK10_24,2
9T9Hf74oK10_21,3
9T9Hf74oK10_20,2
9T9Hf74oK10_23,3
9T9Hf74oK10_22,3
OtBXNcAL_lE_12,1
c7UH_rxdZv4_21,2
c7UH_rxdZv4_20,1
c7UH_rxdZv4_23,2
c7UH_rxdZv4_22,1
c7UH_rxdZv4_25,3
c7UH_rxdZv4_24,1
c7UH_rxdZv4_27,1
c7UH_rxdZv4_26,0
c7UH_rxdZv4_29,4
c7UH_rxdZv4_28,2
Iu2PFX3z_1s_1,5
Iu2PFX3z_1s_2,4
Iu2PFX3z_1s_3,4
Iu2PFX3z_1s_4,3
Iu2PFX3z_1s_5,4
Iu2PFX3z_1s_6,4
Iu2PFX3z_1s_7,5
Iu2PFX3z_1s_8,3
Iu2PFX3z_1s_9,4
OtBXNcAL_lE_15,3
Oz06ZWiO20M_22,1
Oz06ZWiO20M_23,1
Oz06ZWiO20M_20,4
Oz06ZWiO20M_21,3
Sqr0AcuoNnk_9,5
Sqr0AcuoNnk_8,4
Oz06ZWiO20M_24,4
Oz06ZWiO20M_25,5
Sqr0AcuoNnk_5,1
Sqr0AcuoNnk_4,1
Sqr0AcuoNnk_7,4
Sqr0AcuoNnk_6,2
Sqr0AcuoNnk_1,2
Sqr0AcuoNnk_3,4
Sqr0AcuoNnk_2,1
Af8D0E4ZXaw_9,2
zhpQhgha_KU_12,2
Nzq88NnDkEk_8,2
Nzq88NnDkEk_9,0
G-xst2euQUc_5,5
Nzq88NnDkEk_2,0
Nzq88NnDkEk_3,3
Nzq88NnDkEk_1,3
Nzq88NnDkEk_6,5
Nzq88NnDkEk_7,5
Nzq88NnDkEk_4,2
Nzq88NnDkEk_5,3
VbQk4H8hgr0_9,4
VbQk4H8hgr0_8,3
G-xst2euQUc_7,5
VbQk4H8hgr0_1,1
f_pcplsH_V0_4,4
VbQk4H8hgr0_3,2
VbQk4H8hgr0_2,5
VbQk4H8hgr0_5,1
VbQk4H8hgr0_4,1
VbQk4H8hgr0_7,1
zhpQhgha_KU_17,5
zhpQhgha_KU_14,1
zhpQhgha_KU_15,1
0h-zjBukYpk_9,2
0h-zjBukYpk_8,4
0h-zjBukYpk_5,4
0h-zjBukYpk_4,2
0h-zjBukYpk_7,5
0h-zjBukYpk_6,2
0h-zjBukYpk_1,3
0h-zjBukYpk_3,3
0h-zjBukYpk_2,0
lXPQBPVc5Cw_30,1
pLTX3ipuDJI_15,2
VCslbP0mgZI_6,5
lXPQBPVc5Cw_21,5
bvLlb-M3UXU_19,4
bvLlb-M3UXU_18,2
cW1FSBF59ik_5,5
bvLlb-M3UXU_15,5
bvLlb-M3UXU_14,4
bvLlb-M3UXU_17,4
bvLlb-M3UXU_16,1
bvLlb-M3UXU_11,3
bvLlb-M3UXU_10,5
bvLlb-M3UXU_13,2
bvLlb-M3UXU_12,4
_dI--eQ6qVU_8,6
_dI--eQ6qVU_9,4
_dI--eQ6qVU_6,6
_dI--eQ6qVU_7,5
_dI--eQ6qVU_4,6
_dI--eQ6qVU_5,6
_dI--eQ6qVU_2,6
_dI--eQ6qVU_3,3
_dI--eQ6qVU_1,5
k5Y_838nuGo_28,5
BioHAh1qJAQ_20,2
BioHAh1qJAQ_21,2
BioHAh1qJAQ_22,1
BioHAh1qJAQ_23,1
BioHAh1qJAQ_24,2
BioHAh1qJAQ_25,1
BioHAh1qJAQ_26,4
BioHAh1qJAQ_27,3
BioHAh1qJAQ_28,1
BioHAh1qJAQ_29,3
bOL9jKpeJRs_19,5
bOL9jKpeJRs_18,6
bOL9jKpeJRs_17,5
bOL9jKpeJRs_16,5
bOL9jKpeJRs_15,6
bOL9jKpeJRs_14,5
bOL9jKpeJRs_13,5
bOL9jKpeJRs_12,4
bOL9jKpeJRs_11,5
bOL9jKpeJRs_10,4
atnd_PF-Lbs_21,5
atnd_PF-Lbs_20,3
VbQk4H8hgr0_48,1
VbQk4H8hgr0_49,1
VbQk4H8hgr0_46,1
VbQk4H8hgr0_47,5
VbQk4H8hgr0_44,1
VbQk4H8hgr0_45,1
VbQk4H8hgr0_42,1
VbQk4H8hgr0_43,1
VbQk4H8hgr0_40,2
VbQk4H8hgr0_41,0
zhpQhgha_KU_34,4
9T9Hf74oK10_11,3
9T9Hf74oK10_12,5
9T9Hf74oK10_13,6
c7UH_rxdZv4_18,1
9T9Hf74oK10_15,3
zhpQhgha_KU_32,4
zhpQhgha_KU_33,3
9T9Hf74oK10_18,4
9T9Hf74oK10_19,4
c7UH_rxdZv4_16,1
c7UH_rxdZv4_17,2
c7UH_rxdZv4_10,4
c7UH_rxdZv4_11,4
c7UH_rxdZv4_12,0
c7UH_rxdZv4_13,0
nbWiPyCm4g0_8,1
nbWiPyCm4g0_9,2
nbWiPyCm4g0_2,1
nbWiPyCm4g0_3,1
nbWiPyCm4g0_1,4
nbWiPyCm4g0_6,3
fvVhgmXxadc_2,0
nbWiPyCm4g0_4,1
nbWiPyCm4g0_5,2
fvVhgmXxadc_3,1
fvVhgmXxadc_4,0
cW1FSBF59ik_22,2
fvVhgmXxadc_6,3
cW1FSBF59ik_20,6
I5y0__X72p0_32,5
I5y0__X72p0_33,4
Jkswaaud0hk_1,5
7JsX8y1ysxY_10,5
Jkswaaud0hk_3,5
7JsX8y1ysxY_12,4
Jkswaaud0hk_5,5
Jkswaaud0hk_4,4
Jkswaaud0hk_7,3
Jkswaaud0hk_6,3
Njd1F0vZSm4_11,1
Njd1F0vZSm4_10,2
Njd1F0vZSm4_13,3
Njd1F0vZSm4_12,1
nzpVDcQ0ywM_9,1
nzpVDcQ0ywM_8,5
nzpVDcQ0ywM_3,4
nzpVDcQ0ywM_2,1
nzpVDcQ0ywM_1,3
nzpVDcQ0ywM_7,2
nzpVDcQ0ywM_6,2
nzpVDcQ0ywM_5,3
nzpVDcQ0ywM_4,1
cXypl4FnoZo_15,3
rnaNMUZpvvg_4,1
rnaNMUZpvvg_5,0
rnaNMUZpvvg_6,0
rnaNMUZpvvg_7,3
rnaNMUZpvvg_1,0
rnaNMUZpvvg_2,5
rnaNMUZpvvg_3,2
rnaNMUZpvvg_8,1
rnaNMUZpvvg_9,2
iiK8YX8oH1E_17,5
iiK8YX8oH1E_16,3
6_0THN4chvY_5,3
phBUpBr1hSo_11,5
cW1FSBF59ik_8,5
cW1FSBF59ik_9,1
cW1FSBF59ik_4,5
6_0THN4chvY_3,5
cW1FSBF59ik_6,4
cW1FSBF59ik_7,4
cW1FSBF59ik_1,0
cW1FSBF59ik_2,6
cW1FSBF59ik_3,2
W8NXH0Djyww_18,5
W8NXH0Djyww_19,2
iiK8YX8oH1E_11,4
W8NXH0Djyww_12,5
W8NXH0Djyww_13,5
W8NXH0Djyww_10,4
W8NXH0Djyww_11,1
W8NXH0Djyww_16,5
W8NXH0Djyww_17,4
W8NXH0Djyww_14,5
W8NXH0Djyww_15,5
fvVhgmXxadc_1,3
I5y0__X72p0_38,3
cW1FSBF59ik_24,3
cW1FSBF59ik_23,4
fvVhgmXxadc_5,3
cW1FSBF59ik_21,5
fvVhgmXxadc_7,2
fvVhgmXxadc_8,2
fvVhgmXxadc_9,3
I5y0__X72p0_30,5
I5y0__X72p0_31,5
I5y0__X72p0_36,2
I5y0__X72p0_37,4
I5y0__X72p0_34,4
I5y0__X72p0_35,5
iiK8YX8oH1E_18,2
wMbj6ajWbic_8,3
bOL9jKpeJRs_22,5
wMbj6ajWbic_9,1
d6hH302o4v8_13,1
BI97DNYfe5I_9,4
Af8D0E4ZXaw_2,4
Af8D0E4ZXaw_3,3
Af8D0E4ZXaw_1,2
Af8D0E4ZXaw_6,1
Af8D0E4ZXaw_7,1
Af8D0E4ZXaw_4,3
Af8D0E4ZXaw_5,3
bvLlb-M3UXU_20,2
bvLlb-M3UXU_21,2
bvLlb-M3UXU_22,1
bvLlb-M3UXU_23,4
bvLlb-M3UXU_24,2
bvLlb-M3UXU_25,2
OQvJTdtJ2H4_12,2
OQvJTdtJ2H4_13,4
OQvJTdtJ2H4_10,1
OQvJTdtJ2H4_11,1
OQvJTdtJ2H4_16,2
vvZ4IcEtiZc_9,5
OQvJTdtJ2H4_15,3
vvZ4IcEtiZc_7,4
vvZ4IcEtiZc_6,4
vvZ4IcEtiZc_5,4
vvZ4IcEtiZc_4,5
vvZ4IcEtiZc_3,4
vvZ4IcEtiZc_2,5
vvZ4IcEtiZc_1,5
d3_k5Xpfmik_11,5
d3_k5Xpfmik_10,3
BI97DNYfe5I_1,5
d3_k5Xpfmik_15,6
d3_k5Xpfmik_14,5
BI97DNYfe5I_5,4
BI97DNYfe5I_4,4
MLal-t_vJPM_3,5
phBUpBr1hSo_18,4
atnd_PF-Lbs_4,1
BioHAh1qJAQ_30,1
1iG0909rllw_30,1
7JsX8y1ysxY_8,2
7JsX8y1ysxY_1,5
7JsX8y1ysxY_3,0
7JsX8y1ysxY_2,5
7JsX8y1ysxY_5,4
7JsX8y1ysxY_4,4
7JsX8y1ysxY_7,1
7JsX8y1ysxY_6,5
9qR7uwkblbs_19,3
9qR7uwkblbs_18,3
9qR7uwkblbs_15,2
9qR7uwkblbs_14,1
9qR7uwkblbs_17,2
9qR7uwkblbs_16,3
9qR7uwkblbs_11,4
9qR7uwkblbs_10,5
9qR7uwkblbs_13,1
9qR7uwkblbs_12,2
MLal-t_vJPM_1,2
VbQk4H8hgr0_55,3
VbQk4H8hgr0_54,1
VbQk4H8hgr0_51,2
VbQk4H8hgr0_50,2
VbQk4H8hgr0_53,2
VbQk4H8hgr0_52,3
fvVhgmXxadc_12,3
fvVhgmXxadc_13,3
fvVhgmXxadc_10,3
fvVhgmXxadc_11,3
Af8D0E4ZXaw_8,2
fvVhgmXxadc_14,3
zhpQhgha_KU_23,2
zhpQhgha_KU_22,4
zhpQhgha_KU_21,4
zhpQhgha_KU_20,2
zhpQhgha_KU_27,4
zhpQhgha_KU_26,3
zhpQhgha_KU_25,4
zhpQhgha_KU_24,3
zhpQhgha_KU_29,2
zhpQhgha_KU_28,4
LSi-o-IrDMs_16,4
LSi-o-IrDMs_17,5
QN9ZIUWUXsY_4,1
QN9ZIUWUXsY_5,6
QN9ZIUWUXsY_2,1
LSi-o-IrDMs_13,1
LSi-o-IrDMs_10,1
LSi-o-IrDMs_11,4
QN9ZIUWUXsY_8,2
LSi-o-IrDMs_19,5
2iD-tVS8NPw_4,5
GWuJjcEuzt8_18,3
OQvJTdtJ2H4_14,2
wMbj6ajWbic_3,3
GWuJjcEuzt8_10,5
GWuJjcEuzt8_11,4
GWuJjcEuzt8_12,4
GWuJjcEuzt8_13,5
GWuJjcEuzt8_14,4
GWuJjcEuzt8_15,4
GWuJjcEuzt8_16,3
GWuJjcEuzt8_17,3
yvsjCA6Y5Fc_22,1
etzxEpPuc6I_16,1
phBUpBr1hSo_10,2
8d-gEyoeBzc_5,1
8d-gEyoeBzc_4,3
8d-gEyoeBzc_7,3
8d-gEyoeBzc_6,1
7JsX8y1ysxY_28,2
7JsX8y1ysxY_29,1
8d-gEyoeBzc_3,3
8d-gEyoeBzc_2,2
7JsX8y1ysxY_24,5
7JsX8y1ysxY_25,6
7JsX8y1ysxY_26,5
7JsX8y1ysxY_27,5
7JsX8y1ysxY_20,4
7JsX8y1ysxY_21,5
7JsX8y1ysxY_22,6
7JsX8y1ysxY_23,5
8qrpnFRGt2A_21,1
Clx4VXItLTE_19,4
Clx4VXItLTE_18,2
Clx4VXItLTE_15,2
Clx4VXItLTE_14,5
Clx4VXItLTE_17,2
Clx4VXItLTE_16,2
Clx4VXItLTE_11,2
Clx4VXItLTE_10,3
Clx4VXItLTE_13,2
Clx4VXItLTE_12,2
vvZ4IcEtiZc_12,3
03bSnISJMiM_13,5
03bSnISJMiM_12,5
nbWiPyCm4g0_7,2
wMbj6ajWbic_11,3
BvYR0L6f2Ig_5,3
BvYR0L6f2Ig_4,2
BvYR0L6f2Ig_7,4
d6hH302o4v8_3,3
d6hH302o4v8_4,1
d6hH302o4v8_5,2
d6hH302o4v8_6,1
BvYR0L6f2Ig_2,5
d6hH302o4v8_8,1
d6hH302o4v8_9,1
BvYR0L6f2Ig_9,5
BvYR0L6f2Ig_8,4
etzxEpPuc6I_15,3
etzxEpPuc6I_14,2
atnd_PF-Lbs_2,0
atnd_PF-Lbs_3,2
etzxEpPuc6I_11,1
etzxEpPuc6I_10,2
etzxEpPuc6I_13,1
etzxEpPuc6I_12,4
I5y0__X72p0_21,2
I5y0__X72p0_20,2
I5y0__X72p0_23,1
I5y0__X72p0_22,1
etzxEpPuc6I_19,2
etzxEpPuc6I_18,4
I5y0__X72p0_27,1
I5y0__X72p0_26,2
iiK8YX8oH1E_9,3
iiK8YX8oH1E_8,2
iiK8YX8oH1E_7,1
iiK8YX8oH1E_6,3
iiK8YX8oH1E_5,3
iiK8YX8oH1E_4,1
iiK8YX8oH1E_3,2
iiK8YX8oH1E_2,4
iiK8YX8oH1E_1,0
ZUXBRvtny7o_8,2
9J25DZhivz8_19,4
9J25DZhivz8_18,4
9J25DZhivz8_13,3
9J25DZhivz8_12,3
9J25DZhivz8_11,4
9J25DZhivz8_10,5
9J25DZhivz8_17,4
9J25DZhivz8_16,5
9J25DZhivz8_15,4
9J25DZhivz8_14,5
1iG0909rllw_29,2
1iG0909rllw_28,4
1iG0909rllw_27,5
1iG0909rllw_26,2
1iG0909rllw_25,5
1iG0909rllw_24,2
1iG0909rllw_23,5
1iG0909rllw_22,3
1iG0909rllw_21,3
1iG0909rllw_20,3
Ci-AH39fi3Y_19,2
Ci-AH39fi3Y_18,2
Ci-AH39fi3Y_15,2
Ci-AH39fi3Y_14,3
Ci-AH39fi3Y_17,0
Ci-AH39fi3Y_16,1
Ci-AH39fi3Y_11,1
Ci-AH39fi3Y_10,4
Ci-AH39fi3Y_13,2
Ci-AH39fi3Y_12,5
9qR7uwkblbs_28,2
9qR7uwkblbs_29,2
9qR7uwkblbs_20,2
9qR7uwkblbs_21,1
9qR7uwkblbs_22,2
9qR7uwkblbs_23,2
9qR7uwkblbs_24,2
9qR7uwkblbs_25,5
9qR7uwkblbs_26,2
9qR7uwkblbs_27,3
rnaNMUZpvvg_16,1
rnaNMUZpvvg_17,1
rnaNMUZpvvg_14,0
rnaNMUZpvvg_15,1
jUzDDGyPkXU_9,6
jUzDDGyPkXU_8,5
rnaNMUZpvvg_10,0
rnaNMUZpvvg_11,0
jUzDDGyPkXU_5,2
jUzDDGyPkXU_4,1
jUzDDGyPkXU_7,2
jUzDDGyPkXU_6,1
jUzDDGyPkXU_1,6
jUzDDGyPkXU_3,3
rnaNMUZpvvg_19,2
7JsX8y1ysxY_9,5
8d-gEyoeBzc_15,4
8d-gEyoeBzc_14,3
8d-gEyoeBzc_17,4
8d-gEyoeBzc_16,4
8d-gEyoeBzc_11,5
8d-gEyoeBzc_10,4
8d-gEyoeBzc_13,4
8d-gEyoeBzc_12,5
8d-gEyoeBzc_19,5
8d-gEyoeBzc_18,4
Nzq88NnDkEk_32,5
Nzq88NnDkEk_30,0
Nzq88NnDkEk_31,5
v0zCBqDeKcE_12,3
v0zCBqDeKcE_13,5
v0zCBqDeKcE_10,5
v0zCBqDeKcE_11,5
v0zCBqDeKcE_16,3
v0zCBqDeKcE_14,5
v0zCBqDeKcE_15,5
WKA5OygbEKI_12,3
WKA5OygbEKI_13,5
WKA5OygbEKI_10,3
WKA5OygbEKI_11,2
WKA5OygbEKI_16,5
WKA5OygbEKI_17,3
WKA5OygbEKI_14,5
WKA5OygbEKI_15,5
WKA5OygbEKI_18,4
WKA5OygbEKI_19,2
HEsqda8_d0Q_8,4
c5xsKMxpXnc_8,2
c5xsKMxpXnc_9,2
9T9Hf74oK10_7,2
pLTX3ipuDJI_12,1
c5xsKMxpXnc_1,2
pLTX3ipuDJI_10,1
c5xsKMxpXnc_3,1
pLTX3ipuDJI_16,1
c5xsKMxpXnc_5,1
pLTX3ipuDJI_14,1
c5xsKMxpXnc_7,0
9T9Hf74oK10_5,1
dq3Nf_lMPnE_9,2
dq3Nf_lMPnE_8,4
dq3Nf_lMPnE_5,4
MLal-t_vJPM_7,5
HEsqda8_d0Q_9,4
dq3Nf_lMPnE_6,4
dq3Nf_lMPnE_1,3
dq3Nf_lMPnE_3,2
dq3Nf_lMPnE_2,2
MLal-t_vJPM_5,5
VCslbP0mgZI_15,3
VCslbP0mgZI_14,1
VCslbP0mgZI_17,2
MLal-t_vJPM_4,5
VCslbP0mgZI_11,0
VCslbP0mgZI_10,1
VCslbP0mgZI_13,4
VCslbP0mgZI_12,3
8qrpnFRGt2A_9,2
8qrpnFRGt2A_8,2
wMbj6ajWbic_6,5
MLal-t_vJPM_8,6
7JsX8y1ysxY_39,5
7JsX8y1ysxY_38,1
wMbj6ajWbic_2,2
tStelxIAHjw_14,1
7JsX8y1ysxY_33,4
7JsX8y1ysxY_32,4
7JsX8y1ysxY_31,5
7JsX8y1ysxY_30,5
7JsX8y1ysxY_37,1
7JsX8y1ysxY_36,1
7JsX8y1ysxY_35,2
7JsX8y1ysxY_34,2
Oz06ZWiO20M_19,3
Oz06ZWiO20M_18,4
Oz06ZWiO20M_13,4
Oz06ZWiO20M_12,2
Oz06ZWiO20M_11,1
Oz06ZWiO20M_10,3
Oz06ZWiO20M_17,4
Oz06ZWiO20M_16,3
Oz06ZWiO20M_15,3
Oz06ZWiO20M_14,4
tStelxIAHjw_12,2
ZUXBRvtny7o_32,3
Clx4VXItLTE_29,2
phBUpBr1hSo_6,5
phBUpBr1hSo_7,2
phBUpBr1hSo_1,4
phBUpBr1hSo_2,5
phBUpBr1hSo_3,6
Clx4VXItLTE_20,4
Clx4VXItLTE_21,3
Clx4VXItLTE_22,4
Clx4VXItLTE_23,5
phBUpBr1hSo_8,1
phBUpBr1hSo_9,1
Clx4VXItLTE_26,4
Clx4VXItLTE_27,4
2WGyTLYerpo_58,2
2WGyTLYerpo_59,5
2WGyTLYerpo_56,3
2WGyTLYerpo_57,1
2WGyTLYerpo_54,1
2WGyTLYerpo_55,2
2WGyTLYerpo_52,3
2WGyTLYerpo_53,2
2WGyTLYerpo_50,1
2WGyTLYerpo_51,2
W8NXH0Djyww_30,3
W8NXH0Djyww_31,4
W8NXH0Djyww_32,5
I5y0__X72p0_14,3
I5y0__X72p0_15,4
I5y0__X72p0_16,2
I5y0__X72p0_17,2
I5y0__X72p0_10,4
I5y0__X72p0_11,4
I5y0__X72p0_12,2
I5y0__X72p0_13,3
I5y0__X72p0_18,5
I5y0__X72p0_19,4
phBUpBr1hSo_4,2
bvLlb-M3UXU_9,3
bvLlb-M3UXU_8,3
bvLlb-M3UXU_5,2
bvLlb-M3UXU_4,5
bvLlb-M3UXU_7,2
bvLlb-M3UXU_6,3
bvLlb-M3UXU_1,3
bvLlb-M3UXU_3,1
bvLlb-M3UXU_2,1
2iD-tVS8NPw_30,3
f9O3YtZ2VfI_3,4
ZUXBRvtny7o_20,3
f9O3YtZ2VfI_1,2
ZUXBRvtny7o_25,5
f9O3YtZ2VfI_6,0
ZUXBRvtny7o_27,4
f9O3YtZ2VfI_4,1
Ci-AH39fi3Y_28,3
Ci-AH39fi3Y_29,4
Ci-AH39fi3Y_20,6
Ci-AH39fi3Y_21,4
Ci-AH39fi3Y_22,3
Ci-AH39fi3Y_23,3
Ci-AH39fi3Y_24,2
Ci-AH39fi3Y_25,5
Ci-AH39fi3Y_26,2
Ci-AH39fi3Y_27,2
9qR7uwkblbs_33,3
9qR7uwkblbs_32,5
9qR7uwkblbs_31,3
9qR7uwkblbs_30,2
1iG0909rllw_4,2
1iG0909rllw_5,5
1iG0909rllw_6,5
1iG0909rllw_7,2
1iG0909rllw_1,3
1iG0909rllw_2,1
1iG0909rllw_3,5
1iG0909rllw_8,1
1iG0909rllw_9,3
c5xsKMxpXnc_4,5
etzxEpPuc6I_5,3
etzxEpPuc6I_4,4
etzxEpPuc6I_7,2
etzxEpPuc6I_6,3
etzxEpPuc6I_1,3
etzxEpPuc6I_3,1
etzxEpPuc6I_2,4
etzxEpPuc6I_9,0
etzxEpPuc6I_8,2
8d-gEyoeBzc_20,4
8d-gEyoeBzc_21,1
8d-gEyoeBzc_22,2
8d-gEyoeBzc_23,3
8d-gEyoeBzc_24,2
8d-gEyoeBzc_25,5
8d-gEyoeBzc_26,4
8d-gEyoeBzc_27,2
8d-gEyoeBzc_28,2
8d-gEyoeBzc_29,2
8qrpnFRGt2A_19,4
8qrpnFRGt2A_18,4
8qrpnFRGt2A_11,2
8qrpnFRGt2A_10,1
8qrpnFRGt2A_13,3
8qrpnFRGt2A_12,1
8qrpnFRGt2A_15,1
8qrpnFRGt2A_14,1
8qrpnFRGt2A_17,2
8qrpnFRGt2A_16,2
Nzq88NnDkEk_21,2
Nzq88NnDkEk_20,1
Nzq88NnDkEk_23,1
Nzq88NnDkEk_22,2
Nzq88NnDkEk_25,0
Nzq88NnDkEk_24,2
Nzq88NnDkEk_27,1
Nzq88NnDkEk_26,0
Nzq88NnDkEk_29,4
Nzq88NnDkEk_28,3
OtBXNcAL_lE_9,4
OtBXNcAL_lE_8,3
03bSnISJMiM_11,2
03bSnISJMiM_10,2
vvZ4IcEtiZc_11,5
vvZ4IcEtiZc_10,1
OtBXNcAL_lE_1,3
OtBXNcAL_lE_3,2
OtBXNcAL_lE_2,0
OtBXNcAL_lE_5,0
OtBXNcAL_lE_4,1
OtBXNcAL_lE_7,1
OtBXNcAL_lE_6,3
LSi-o-IrDMs_27,2
vyB00TXsimI_15,6
aiEXnCPZubE_22,5
OtBXNcAL_lE_13,1
aiEXnCPZubE_20,1
BI97DNYfe5I_21,4
aiEXnCPZubE_27,6
aiEXnCPZubE_26,6
vyB00TXsimI_13,5
aiEXnCPZubE_24,2
2WGyTLYerpo_40,4
ZUXBRvtny7o_21,5
f9O3YtZ2VfI_2,4
ZUXBRvtny7o_23,4
ZUXBRvtny7o_22,4
f9O3YtZ2VfI_7,2
ZUXBRvtny7o_24,5
f9O3YtZ2VfI_5,1
Clx4VXItLTE_30,1
ZUXBRvtny7o_29,5
ZUXBRvtny7o_28,2
f9O3YtZ2VfI_9,1
f9O3YtZ2VfI_8,1
yDtzw_Y-7RU_9,2
yDtzw_Y-7RU_8,1
yDtzw_Y-7RU_7,3
yDtzw_Y-7RU_6,2
yDtzw_Y-7RU_5,4
yDtzw_Y-7RU_4,2
yDtzw_Y-7RU_3,4
yDtzw_Y-7RU_2,4
yDtzw_Y-7RU_1,4
cXypl4FnoZo_8,4
cXypl4FnoZo_9,4
cXypl4FnoZo_4,2
cXypl4FnoZo_5,5
cXypl4FnoZo_6,2
cXypl4FnoZo_7,2
cXypl4FnoZo_1,4
cXypl4FnoZo_2,4
cXypl4FnoZo_3,5
QN9ZIUWUXsY_6,4
2WGyTLYerpo_49,2
2WGyTLYerpo_48,2
QN9ZIUWUXsY_7,2
2WGyTLYerpo_45,3
2WGyTLYerpo_44,3
2WGyTLYerpo_47,3
2WGyTLYerpo_46,4
2WGyTLYerpo_41,4
LSi-o-IrDMs_14,5
2WGyTLYerpo_43,5
2WGyTLYerpo_42,3
LSi-o-IrDMs_15,4
I5y0__X72p0_25,5
LSi-o-IrDMs_12,2
QN9ZIUWUXsY_3,4
W8NXH0Djyww_23,5
W8NXH0Djyww_22,3
W8NXH0Djyww_21,6
W8NXH0Djyww_20,2
W8NXH0Djyww_27,4
W8NXH0Djyww_26,5
W8NXH0Djyww_25,5
W8NXH0Djyww_24,6
W8NXH0Djyww_29,1
QN9ZIUWUXsY_1,3
I5y0__X72p0_24,1
LSi-o-IrDMs_18,4
QN9ZIUWUXsY_9,1
2iD-tVS8NPw_29,5
2iD-tVS8NPw_28,5
2iD-tVS8NPw_21,4
2iD-tVS8NPw_20,4
2iD-tVS8NPw_23,3
2iD-tVS8NPw_22,5
2iD-tVS8NPw_25,2
2iD-tVS8NPw_24,2
2iD-tVS8NPw_27,4
2iD-tVS8NPw_26,3
W8NXH0Djyww_28,5
zhpQhgha_KU_1,1
zhpQhgha_KU_2,5
zhpQhgha_KU_3,1
zhpQhgha_KU_4,1
zhpQhgha_KU_5,1
zhpQhgha_KU_6,4
zhpQhgha_KU_7,4
zhpQhgha_KU_8,2
zhpQhgha_KU_9,2
k5Y_838nuGo_27,2
Iu2PFX3z_1s_12,5
Iu2PFX3z_1s_13,3
Iu2PFX3z_1s_10,5
Iu2PFX3z_1s_11,4
Iu2PFX3z_1s_16,4
Iu2PFX3z_1s_14,4
Iu2PFX3z_1s_15,5
9J25DZhivz8_23,4
Ci-AH39fi3Y_37,6
Ci-AH39fi3Y_36,1
Ci-AH39fi3Y_35,4
Ci-AH39fi3Y_34,3
Ci-AH39fi3Y_33,1
Ci-AH39fi3Y_32,5
Ci-AH39fi3Y_31,4
Ci-AH39fi3Y_30,2
Ci-AH39fi3Y_39,5
Ci-AH39fi3Y_38,5
BI97DNYfe5I_22,5
BI97DNYfe5I_23,5
BI97DNYfe5I_20,3
f_pcplsH_V0_3,4
BI97DNYfe5I_26,4
BI97DNYfe5I_27,2
BI97DNYfe5I_24,4
BI97DNYfe5I_25,4
f_pcplsH_V0_8,4
f_pcplsH_V0_9,1
BI97DNYfe5I_28,4
BI97DNYfe5I_29,3
8d-gEyoeBzc_30,2
dq3Nf_lMPnE_14,1
vyB00TXsimI_5,5
cXypl4FnoZo_26,4
WKA5OygbEKI_4,5
cXypl4FnoZo_25,2
WKA5OygbEKI_5,4
8qrpnFRGt2A_24,3
8qrpnFRGt2A_25,3
8qrpnFRGt2A_26,2
vyB00TXsimI_6,5
8qrpnFRGt2A_20,2
dq3Nf_lMPnE_13,2
8qrpnFRGt2A_22,2
8qrpnFRGt2A_23,3
Nzq88NnDkEk_14,2
cXypl4FnoZo_23,3
Nzq88NnDkEk_16,1
WKA5OygbEKI_7,5
Nzq88NnDkEk_10,2
Nzq88NnDkEk_11,1
Nzq88NnDkEk_12,1
Nzq88NnDkEk_13,1
cM3Yna7AavY_3,4
cM3Yna7AavY_2,6
cM3Yna7AavY_1,5
cM3Yna7AavY_7,6
cM3Yna7AavY_6,6
cM3Yna7AavY_5,6
cM3Yna7AavY_4,4
cM3Yna7AavY_9,3
cM3Yna7AavY_8,2
I5y0__X72p0_39,4
VbQk4H8hgr0_21,1
BioHAh1qJAQ_15,3
f9O3YtZ2VfI_28,4
f9O3YtZ2VfI_29,1
1iG0909rllw_17,2
f9O3YtZ2VfI_22,4
f9O3YtZ2VfI_23,5
f9O3YtZ2VfI_20,3
f9O3YtZ2VfI_21,5
f9O3YtZ2VfI_26,4
BioHAh1qJAQ_17,5
f9O3YtZ2VfI_24,0
f9O3YtZ2VfI_25,2
BioHAh1qJAQ_16,3
BioHAh1qJAQ_11,3
BioHAh1qJAQ_10,4
BioHAh1qJAQ_13,4
BioHAh1qJAQ_12,4
atnd_PF-Lbs_19,3
phBUpBr1hSo_16,1
phBUpBr1hSo_17,5
phBUpBr1hSo_14,2
phBUpBr1hSo_15,1
phBUpBr1hSo_12,5
phBUpBr1hSo_13,4
wMbj6ajWbic_18,2
LSi-o-IrDMs_28,1
wMbj6ajWbic_16,3
LSi-o-IrDMs_26,2
wMbj6ajWbic_14,2
LSi-o-IrDMs_24,5
LSi-o-IrDMs_23,4
LSi-o-IrDMs_22,5
LSi-o-IrDMs_21,6
LSi-o-IrDMs_20,2
ZUXBRvtny7o_18,5
ZUXBRvtny7o_19,3
ZUXBRvtny7o_14,6
ZUXBRvtny7o_15,4
ZUXBRvtny7o_16,1
ZUXBRvtny7o_17,5
ZUXBRvtny7o_10,4
ZUXBRvtny7o_11,6
ZUXBRvtny7o_12,5
ZUXBRvtny7o_13,5
6Egk_28TtTM_9,3
6Egk_28TtTM_8,4
6Egk_28TtTM_3,5
6Egk_28TtTM_2,5
6Egk_28TtTM_1,6
6Egk_28TtTM_7,5
6Egk_28TtTM_6,5
6Egk_28TtTM_5,5
6Egk_28TtTM_4,6
8d-gEyoeBzc_9,4
8d-gEyoeBzc_8,4
Vj1wYRQjB-o_2,5
Vj1wYRQjB-o_3,2
Vj1wYRQjB-o_1,4
Vj1wYRQjB-o_6,5
Vj1wYRQjB-o_7,5
Vj1wYRQjB-o_4,2
Vj1wYRQjB-o_5,4
Vj1wYRQjB-o_8,5
Vj1wYRQjB-o_9,5
GWuJjcEuzt8_8,2
GWuJjcEuzt8_9,5
GWuJjcEuzt8_6,2
GWuJjcEuzt8_7,4
GWuJjcEuzt8_4,3
GWuJjcEuzt8_5,1
GWuJjcEuzt8_2,4
GWuJjcEuzt8_3,5
GWuJjcEuzt8_1,5
8qrpnFRGt2A_5,2
2iD-tVS8NPw_2,5
2iD-tVS8NPw_3,4
2iD-tVS8NPw_1,2
2iD-tVS8NPw_6,5
2iD-tVS8NPw_7,5
tmZoasNr4rU_20,2
2iD-tVS8NPw_5,5
2iD-tVS8NPw_8,5
2iD-tVS8NPw_9,4
k5Y_838nuGo_16,3
2iD-tVS8NPw_15,1
2iD-tVS8NPw_16,1
k5Y_838nuGo_15,2
2iD-tVS8NPw_10,5
2iD-tVS8NPw_11,3
k5Y_838nuGo_10,5
2iD-tVS8NPw_13,5
8qrpnFRGt2A_4,2
2iD-tVS8NPw_18,3
2iD-tVS8NPw_19,3
k5Y_838nuGo_18,3
k5Y_838nuGo_19,2
nzpVDcQ0ywM_22,5
nzpVDcQ0ywM_23,5
nzpVDcQ0ywM_20,3
nzpVDcQ0ywM_21,2
nzpVDcQ0ywM_24,5
5W7Z1C_fDaE_10,3
5W7Z1C_fDaE_11,6
POKffnXeBds_12,1
Ci-AH39fi3Y_42,1
Ci-AH39fi3Y_43,5
Ci-AH39fi3Y_40,0
Ci-AH39fi3Y_41,1
Ci-AH39fi3Y_44,3
rnaNMUZpvvg_22,1
rnaNMUZpvvg_21,0
rnaNMUZpvvg_20,4
BI97DNYfe5I_31,4
BI97DNYfe5I_30,4
Clx4VXItLTE_31,3
VbQk4H8hgr0_11,2
VbQk4H8hgr0_10,3
VbQk4H8hgr0_13,1
VbQk4H8hgr0_12,1
PZ-lDQFboO8_10,5
PZ-lDQFboO8_11,3
VbQk4H8hgr0_17,1
VbQk4H8hgr0_16,1
VbQk4H8hgr0_19,1
VbQk4H8hgr0_18,1
1DmNV9C1hbY_14,1
1DmNV9C1hbY_12,3
1DmNV9C1hbY_13,2
1DmNV9C1hbY_10,6
1DmNV9C1hbY_11,1
HEsqda8_d0Q_6,5
HEsqda8_d0Q_7,5
MLal-t_vJPM_13,4
v0zCBqDeKcE_1,6
MLal-t_vJPM_11,0
MLal-t_vJPM_10,1
v0zCBqDeKcE_4,3
MLal-t_vJPM_16,1
v0zCBqDeKcE_6,4
MLal-t_vJPM_14,2
v0zCBqDeKcE_8,5
v0zCBqDeKcE_9,5
MLal-t_vJPM_18,3
WKA5OygbEKI_22,3
WKA5OygbEKI_21,5
WKA5OygbEKI_20,3
Dg_0XKD0Mf4_13,2
8d-gEyoeBzc_1,4
5W7Z1C_fDaE_24,5
5W7Z1C_fDaE_21,5
5W7Z1C_fDaE_20,6
5W7Z1C_fDaE_23,5
5W7Z1C_fDaE_22,5
f9O3YtZ2VfI_30,2
VCslbP0mgZI_9,1
VCslbP0mgZI_8,1
VCslbP0mgZI_5,3
VCslbP0mgZI_4,0
VCslbP0mgZI_7,5
POKffnXeBds_13,0
VCslbP0mgZI_1,0
VCslbP0mgZI_3,3
VCslbP0mgZI_2,2
Bfr499ggo-0_21,1
Bfr499ggo-0_20,1
Bfr499ggo-0_22,4
5W7Z1C_fDaE_4,3
HEsqda8_d0Q_18,1
HEsqda8_d0Q_19,3
HEsqda8_d0Q_12,3
HEsqda8_d0Q_13,2
HEsqda8_d0Q_10,3
HEsqda8_d0Q_11,6
HEsqda8_d0Q_16,5
HEsqda8_d0Q_17,2
HEsqda8_d0Q_14,6
HEsqda8_d0Q_15,4
vvZ4IcEtiZc_8,1
d3_k5Xpfmik_19,3
d3_k5Xpfmik_18,4
WKA5OygbEKI_1,5
BI97DNYfe5I_8,3
BI97DNYfe5I_3,3
BI97DNYfe5I_2,2
d3_k5Xpfmik_13,5
d3_k5Xpfmik_12,5
BI97DNYfe5I_7,2
BI97DNYfe5I_6,4
d3_k5Xpfmik_17,5
d3_k5Xpfmik_16,5
G6GlGvlkxAQ_16,3
G6GlGvlkxAQ_17,2
G6GlGvlkxAQ_14,3
G6GlGvlkxAQ_15,2
G6GlGvlkxAQ_12,2
G6GlGvlkxAQ_13,3
G6GlGvlkxAQ_10,5
G6GlGvlkxAQ_11,5
G6GlGvlkxAQ_18,2
G6GlGvlkxAQ_19,3
2WGyTLYerpo_63,5
2WGyTLYerpo_62,5
2WGyTLYerpo_61,4
2WGyTLYerpo_60,5
Qr1Ca94K55A_7,2
LSi-o-IrDMs_4,2
LSi-o-IrDMs_5,3
LSi-o-IrDMs_6,1
LSi-o-IrDMs_7,3
LSi-o-IrDMs_1,4
LSi-o-IrDMs_2,1
LSi-o-IrDMs_3,3
LSi-o-IrDMs_8,3
LSi-o-IrDMs_9,2
POKffnXeBds_2,3
IumbAb8q2dM_21,4
IumbAb8q2dM_20,5
IumbAb8q2dM_22,5
9T9Hf74oK10_6,4
ZAIRrfG22O0_8,1
ZAIRrfG22O0_9,1
ZAIRrfG22O0_1,1
ZAIRrfG22O0_2,0
ZAIRrfG22O0_3,4
ZAIRrfG22O0_4,1
ZAIRrfG22O0_5,4
ZAIRrfG22O0_6,4
ZAIRrfG22O0_7,1
POKffnXeBds_1,3
9T9Hf74oK10_4,2
Sqr0AcuoNnk_19,2
Sqr0AcuoNnk_18,3
Sqr0AcuoNnk_15,5
Sqr0AcuoNnk_14,4
Sqr0AcuoNnk_17,3
Sqr0AcuoNnk_16,5
Sqr0AcuoNnk_11,2
Sqr0AcuoNnk_10,3
Sqr0AcuoNnk_13,6
Sqr0AcuoNnk_12,5
bOL9jKpeJRs_7,3
bOL9jKpeJRs_6,5
bOL9jKpeJRs_5,4
bOL9jKpeJRs_4,5
bOL9jKpeJRs_3,5
bOL9jKpeJRs_2,5
bOL9jKpeJRs_1,6
d6hH302o4v8_41,1
bOL9jKpeJRs_9,4
bOL9jKpeJRs_8,3
BvYR0L6f2Ig_13,2
BvYR0L6f2Ig_12,3
9T9Hf74oK10_2,5
VbQk4H8hgr0_28,1
VbQk4H8hgr0_29,3
d6hH302o4v8_1,0
VbQk4H8hgr0_24,0
VbQk4H8hgr0_25,1
VbQk4H8hgr0_26,1
VbQk4H8hgr0_27,1
VbQk4H8hgr0_20,1
d6hH302o4v8_2,1
VbQk4H8hgr0_22,0
VbQk4H8hgr0_23,0
BvYR0L6f2Ig_6,2
pLTX3ipuDJI_4,1
9T9Hf74oK10_3,3
2WGyTLYerpo_39,2
BvYR0L6f2Ig_3,3
d6hH302o4v8_7,0
pLTX3ipuDJI_8,1
2WGyTLYerpo_35,5
f_pcplsH_V0_1,3
f_pcplsH_V0_2,4
POKffnXeBds_10,1
POKffnXeBds_11,0
5W7Z1C_fDaE_12,4
5W7Z1C_fDaE_13,6
5W7Z1C_fDaE_14,5
5W7Z1C_fDaE_15,3
5W7Z1C_fDaE_16,1
5W7Z1C_fDaE_17,3
5W7Z1C_fDaE_18,4
5W7Z1C_fDaE_19,6
f_pcplsH_V0_5,4
I5y0__X72p0_29,5
f_pcplsH_V0_6,5
I5y0__X72p0_28,4
f_pcplsH_V0_7,3
etzxEpPuc6I_17,3
TvyZBvOMOTc_6,2
TvyZBvOMOTc_1,3
atnd_PF-Lbs_5,0
TvyZBvOMOTc_3,5
atnd_PF-Lbs_7,0
atnd_PF-Lbs_8,2
atnd_PF-Lbs_9,0
Bfr499ggo-0_14,3
Bfr499ggo-0_15,2
Bfr499ggo-0_16,5
Bfr499ggo-0_17,4
Bfr499ggo-0_10,4
Bfr499ggo-0_11,2
Bfr499ggo-0_12,2
Bfr499ggo-0_13,1
TvyZBvOMOTc_9,2
Bfr499ggo-0_18,4
Bfr499ggo-0_19,1
TvyZBvOMOTc_8,1
BvYR0L6f2Ig_15,2
BvYR0L6f2Ig_14,1
BvYR0L6f2Ig_17,5
BvYR0L6f2Ig_16,5
BvYR0L6f2Ig_11,4
d6hH302o4v8_40,2
d6hH302o4v8_43,0
d6hH302o4v8_42,2
8OtFthrtaJM_17,4
BvYR0L6f2Ig_19,5
BvYR0L6f2Ig_18,3
8OtFthrtaJM_16,4
8OtFthrtaJM_14,2
Qr1Ca94K55A_2,1
Qr1Ca94K55A_9,5
Qr1Ca94K55A_8,5
wMbj6ajWbic_30,4
Qr1Ca94K55A_6,5
Qr1Ca94K55A_5,1
Qr1Ca94K55A_4,4
Qr1Ca94K55A_3,1
8OtFthrtaJM_19,1
Qr1Ca94K55A_1,6
