BXuRRbG0Ugk_6,2
Clx4VXItLTE_24,1
G-xst2euQUc_18,1
G-xst2euQUc_19,1
G-xst2euQUc_16,1
G-xst2euQUc_17,1
G-xst2euQUc_14,1
G-xst2euQUc_15,2
G-xst2euQUc_12,2
G-xst2euQUc_13,2
G-xst2euQUc_10,2
G-xst2euQUc_11,0
2WGyTLYerpo_12,2
2WGyTLYerpo_13,2
2WGyTLYerpo_10,1
2WGyTLYerpo_11,2
2WGyTLYerpo_16,2
2WGyTLYerpo_17,2
2WGyTLYerpo_14,1
2WGyTLYerpo_15,1
2WGyTLYerpo_18,2
2WGyTLYerpo_19,2
Njd1F0vZSm4_1,2
Njd1F0vZSm4_3,2
Njd1F0vZSm4_2,2
Njd1F0vZSm4_5,1
Njd1F0vZSm4_4,2
Njd1F0vZSm4_7,1
Njd1F0vZSm4_6,2
Njd1F0vZSm4_9,0
Njd1F0vZSm4_8,0
0h-zjBukYpk_19,1
0h-zjBukYpk_18,0
0h-zjBukYpk_15,1
0h-zjBukYpk_14,2
0h-zjBukYpk_17,1
0h-zjBukYpk_16,1
0h-zjBukYpk_11,1
0h-zjBukYpk_10,1
0h-zjBukYpk_13,1
0h-zjBukYpk_12,1
k5Y_838nuGo_30,2
k5Y_838nuGo_31,1
IumbAb8q2dM_14,2
IumbAb8q2dM_15,2
IumbAb8q2dM_16,2
IumbAb8q2dM_17,2
IumbAb8q2dM_10,1
IumbAb8q2dM_11,1
IumbAb8q2dM_12,2
IumbAb8q2dM_13,2
IumbAb8q2dM_18,1
IumbAb8q2dM_19,2
yDtzw_Y-7RU_17,1
bOL9jKpeJRs_27,1
atnd_PF-Lbs_18,1
yDtzw_Y-7RU_14,2
Nzq88NnDkEk_18,0
bOL9jKpeJRs_23,1
bOL9jKpeJRs_20,2
bOL9jKpeJRs_21,1
Nzq88NnDkEk_15,0
Nzq88NnDkEk_17,0
Sqr0AcuoNnk_20,1
Sqr0AcuoNnk_21,0
Sqr0AcuoNnk_22,0
bOL9jKpeJRs_28,1
bOL9jKpeJRs_29,1
BI97DNYfe5I_19,2
BI97DNYfe5I_18,2
BI97DNYfe5I_13,2
BI97DNYfe5I_12,2
BI97DNYfe5I_11,2
BI97DNYfe5I_10,2
BI97DNYfe5I_17,2
BI97DNYfe5I_16,2
BI97DNYfe5I_15,2
BI97DNYfe5I_14,2
VbQk4H8hgr0_39,0
VbQk4H8hgr0_38,1
VbQk4H8hgr0_33,1
VbQk4H8hgr0_32,0
VbQk4H8hgr0_31,0
VbQk4H8hgr0_30,1
VbQk4H8hgr0_37,0
VbQk4H8hgr0_36,0
VbQk4H8hgr0_35,0
VbQk4H8hgr0_34,1
Bfr499ggo-0_2,1
Bfr499ggo-0_3,2
Bfr499ggo-0_1,0
Bfr499ggo-0_6,0
Bfr499ggo-0_7,1
Bfr499ggo-0_4,0
Bfr499ggo-0_5,0
Bfr499ggo-0_8,0
Bfr499ggo-0_9,1
POKffnXeBds_6,0
POKffnXeBds_7,0
8OtFthrtaJM_1,1
5W7Z1C_fDaE_5,2
5W7Z1C_fDaE_2,2
POKffnXeBds_3,1
8OtFthrtaJM_5,1
5W7Z1C_fDaE_1,2
8OtFthrtaJM_9,1
8OtFthrtaJM_8,1
5W7Z1C_fDaE_8,2
POKffnXeBds_9,0
Jkswaaud0hk_9,1
f9O3YtZ2VfI_13,0
f9O3YtZ2VfI_12,0
f9O3YtZ2VfI_11,1
f9O3YtZ2VfI_10,0
f9O3YtZ2VfI_17,0
f9O3YtZ2VfI_16,1
f9O3YtZ2VfI_15,0
f9O3YtZ2VfI_14,2
f9O3YtZ2VfI_19,1
f9O3YtZ2VfI_18,1
tIrG4oNLFzE_10,0
tIrG4oNLFzE_11,0
5W7Z1C_fDaE_6,1
tIrG4oNLFzE_13,0
tIrG4oNLFzE_14,0
tIrG4oNLFzE_15,0
tIrG4oNLFzE_16,0
tIrG4oNLFzE_17,1
tIrG4oNLFzE_18,0
BvYR0L6f2Ig_20,2
BvYR0L6f2Ig_21,2
BvYR0L6f2Ig_22,1
BvYR0L6f2Ig_23,2
BvYR0L6f2Ig_24,2
BvYR0L6f2Ig_25,2
BvYR0L6f2Ig_26,1
HEsqda8_d0Q_34,0
HEsqda8_d0Q_30,2
HEsqda8_d0Q_31,2
HEsqda8_d0Q_32,1
HEsqda8_d0Q_33,1
phBUpBr1hSo_21,1
phBUpBr1hSo_20,1
wMbj6ajWbic_27,1
wMbj6ajWbic_26,2
wMbj6ajWbic_25,2
wMbj6ajWbic_24,2
wMbj6ajWbic_23,2
wMbj6ajWbic_22,2
wMbj6ajWbic_21,2
wMbj6ajWbic_20,1
wMbj6ajWbic_29,2
wMbj6ajWbic_28,2
TvyZBvOMOTc_4,2
73jzhE8R1TQ_17,1
73jzhE8R1TQ_16,1
73jzhE8R1TQ_15,0
73jzhE8R1TQ_14,1
73jzhE8R1TQ_13,1
73jzhE8R1TQ_12,0
73jzhE8R1TQ_11,0
73jzhE8R1TQ_10,2
73jzhE8R1TQ_19,0
73jzhE8R1TQ_18,0
TvyZBvOMOTc_7,2
vyB00TXsimI_14,2
G6GlGvlkxAQ_4,1
G6GlGvlkxAQ_5,2
G6GlGvlkxAQ_6,2
G6GlGvlkxAQ_7,2
G6GlGvlkxAQ_1,2
G6GlGvlkxAQ_2,1
G6GlGvlkxAQ_3,2
G6GlGvlkxAQ_8,1
G6GlGvlkxAQ_9,1
Qr1Ca94K55A_14,2
Qr1Ca94K55A_13,0
Qr1Ca94K55A_12,0
Qr1Ca94K55A_11,2
Qr1Ca94K55A_10,0
0h-zjBukYpk_20,1
0h-zjBukYpk_21,2
0h-zjBukYpk_22,2
0h-zjBukYpk_23,2
0h-zjBukYpk_24,2
0h-zjBukYpk_25,2
aiEXnCPZubE_18,1
aiEXnCPZubE_19,1
aiEXnCPZubE_12,1
aiEXnCPZubE_13,0
aiEXnCPZubE_10,1
aiEXnCPZubE_11,1
aiEXnCPZubE_16,1
aiEXnCPZubE_17,0
aiEXnCPZubE_14,0
aiEXnCPZubE_15,0
tmZoasNr4rU_19,1
tmZoasNr4rU_18,1
tmZoasNr4rU_17,0
tmZoasNr4rU_16,0
tmZoasNr4rU_15,1
tmZoasNr4rU_14,0
tmZoasNr4rU_13,1
tmZoasNr4rU_12,0
tmZoasNr4rU_11,1
tmZoasNr4rU_10,0
k5Y_838nuGo_29,1
7JsX8y1ysxY_18,1
vyB00TXsimI_10,1
k5Y_838nuGo_26,2
k5Y_838nuGo_25,1
k5Y_838nuGo_24,1
k5Y_838nuGo_23,1
k5Y_838nuGo_22,1
k5Y_838nuGo_21,1
k5Y_838nuGo_20,1
TvyZBvOMOTc_2,2
f9O3YtZ2VfI_27,2
8OtFthrtaJM_2,1
nzpVDcQ0ywM_19,0
nzpVDcQ0ywM_18,2
nzpVDcQ0ywM_13,1
nzpVDcQ0ywM_12,0
nzpVDcQ0ywM_11,1
nzpVDcQ0ywM_10,1
nzpVDcQ0ywM_17,2
nzpVDcQ0ywM_16,2
nzpVDcQ0ywM_15,1
nzpVDcQ0ywM_14,1
6_0THN4chvY_7,1
6_0THN4chvY_6,2
iiK8YX8oH1E_15,1
6_0THN4chvY_4,2
vyB00TXsimI_12,1
iiK8YX8oH1E_12,2
6_0THN4chvY_1,2
iiK8YX8oH1E_10,1
6_0THN4chvY_9,1
6_0THN4chvY_8,2
iiK8YX8oH1E_14,0
iiK8YX8oH1E_13,0
VbQk4H8hgr0_6,0
QN9ZIUWUXsY_10,1
QN9ZIUWUXsY_11,0
QN9ZIUWUXsY_12,0
QN9ZIUWUXsY_13,2
QN9ZIUWUXsY_14,2
QN9ZIUWUXsY_15,2
QN9ZIUWUXsY_16,2
QN9ZIUWUXsY_17,0
QN9ZIUWUXsY_18,0
yvsjCA6Y5Fc_23,0
yvsjCA6Y5Fc_20,1
yvsjCA6Y5Fc_21,0
8OtFthrtaJM_6,0
nbWiPyCm4g0_10,2
8qrpnFRGt2A_1,0
MLal-t_vJPM_2,2
8qrpnFRGt2A_3,0
8qrpnFRGt2A_2,1
8OtFthrtaJM_4,0
MLal-t_vJPM_6,2
8qrpnFRGt2A_7,0
8qrpnFRGt2A_6,0
wMbj6ajWbic_4,1
wMbj6ajWbic_5,1
MLal-t_vJPM_9,2
wMbj6ajWbic_7,0
wMbj6ajWbic_1,1
9T9Hf74oK10_8,0
9T9Hf74oK10_9,2
8OtFthrtaJM_22,2
8OtFthrtaJM_23,1
8OtFthrtaJM_20,0
8OtFthrtaJM_21,0
aiEXnCPZubE_1,0
aiEXnCPZubE_2,0
aiEXnCPZubE_3,1
aiEXnCPZubE_4,0
aiEXnCPZubE_5,1
aiEXnCPZubE_6,2
aiEXnCPZubE_7,2
aiEXnCPZubE_8,0
aiEXnCPZubE_9,1
tStelxIAHjw_9,0
tStelxIAHjw_8,0
tStelxIAHjw_5,0
tStelxIAHjw_4,0
tStelxIAHjw_7,2
tStelxIAHjw_6,2
tStelxIAHjw_1,1
tStelxIAHjw_3,1
tStelxIAHjw_2,0
X3j2zQgwYgE_11,1
X3j2zQgwYgE_10,0
yDtzw_Y-7RU_24,1
yDtzw_Y-7RU_22,2
yDtzw_Y-7RU_23,2
yDtzw_Y-7RU_20,1
yDtzw_Y-7RU_21,1
TvyZBvOMOTc_15,2
TvyZBvOMOTc_14,1
TvyZBvOMOTc_11,1
TvyZBvOMOTc_10,1
TvyZBvOMOTc_13,2
TvyZBvOMOTc_12,2
1DmNV9C1hbY_8,0
1DmNV9C1hbY_9,2
1DmNV9C1hbY_4,2
1DmNV9C1hbY_5,0
1DmNV9C1hbY_6,0
1DmNV9C1hbY_7,0
1DmNV9C1hbY_1,0
1DmNV9C1hbY_2,2
1DmNV9C1hbY_3,1
HEsqda8_d0Q_23,1
HEsqda8_d0Q_22,1
HEsqda8_d0Q_21,2
HEsqda8_d0Q_20,2
HEsqda8_d0Q_27,1
HEsqda8_d0Q_26,1
HEsqda8_d0Q_25,2
HEsqda8_d0Q_24,2
HEsqda8_d0Q_29,1
HEsqda8_d0Q_28,2
6_0THN4chvY_2,1
rnaNMUZpvvg_12,1
rnaNMUZpvvg_13,0
Af8D0E4ZXaw_22,0
9qR7uwkblbs_9,0
9qR7uwkblbs_8,1
9qR7uwkblbs_5,1
9qR7uwkblbs_4,2
9qR7uwkblbs_7,2
9qR7uwkblbs_6,0
9qR7uwkblbs_1,1
9qR7uwkblbs_3,1
9qR7uwkblbs_2,2
G6GlGvlkxAQ_29,2
G6GlGvlkxAQ_28,1
G6GlGvlkxAQ_27,1
G6GlGvlkxAQ_26,1
G6GlGvlkxAQ_25,2
G6GlGvlkxAQ_24,2
G6GlGvlkxAQ_23,0
G6GlGvlkxAQ_22,1
G6GlGvlkxAQ_21,1
G6GlGvlkxAQ_20,1
rnaNMUZpvvg_18,0
jUzDDGyPkXU_2,2
LSi-o-IrDMs_29,2
wMbj6ajWbic_19,1
HEsqda8_d0Q_1,2
HEsqda8_d0Q_2,2
HEsqda8_d0Q_3,2
HEsqda8_d0Q_4,1
HEsqda8_d0Q_5,1
Dg_0XKD0Mf4_18,2
wMbj6ajWbic_17,2
Dg_0XKD0Mf4_16,2
Dg_0XKD0Mf4_17,1
Dg_0XKD0Mf4_14,1
Dg_0XKD0Mf4_15,1
Dg_0XKD0Mf4_12,2
LSi-o-IrDMs_25,1
Dg_0XKD0Mf4_10,0
Dg_0XKD0Mf4_11,2
wMbj6ajWbic_15,2
wMbj6ajWbic_12,2
wMbj6ajWbic_13,2
wMbj6ajWbic_10,0
phBUpBr1hSo_19,2
pLTX3ipuDJI_1,0
pLTX3ipuDJI_2,0
pLTX3ipuDJI_3,0
2WGyTLYerpo_38,1
pLTX3ipuDJI_5,0
pLTX3ipuDJI_6,0
pLTX3ipuDJI_7,1
2WGyTLYerpo_34,1
pLTX3ipuDJI_9,1
2WGyTLYerpo_36,2
2WGyTLYerpo_37,2
2WGyTLYerpo_30,1
2WGyTLYerpo_31,2
2WGyTLYerpo_32,2
2WGyTLYerpo_33,2
Nzq88NnDkEk_19,0
BvYR0L6f2Ig_10,0
_dI--eQ6qVU_28,1
_dI--eQ6qVU_25,2
_dI--eQ6qVU_24,2
_dI--eQ6qVU_27,1
_dI--eQ6qVU_26,1
_dI--eQ6qVU_21,2
_dI--eQ6qVU_20,1
_dI--eQ6qVU_23,1
_dI--eQ6qVU_22,2
lXPQBPVc5Cw_9,0
lXPQBPVc5Cw_8,2
d6hH302o4v8_18,0
d6hH302o4v8_19,0
Ci-AH39fi3Y_9,2
Ci-AH39fi3Y_8,2
Ci-AH39fi3Y_5,2
Ci-AH39fi3Y_4,2
Ci-AH39fi3Y_7,1
d6hH302o4v8_11,1
Ci-AH39fi3Y_1,2
d6hH302o4v8_17,0
d6hH302o4v8_14,0
d6hH302o4v8_15,0
W8NXH0Djyww_1,2
W8NXH0Djyww_2,1
W8NXH0Djyww_3,2
W8NXH0Djyww_4,1
W8NXH0Djyww_5,1
W8NXH0Djyww_6,2
W8NXH0Djyww_7,2
W8NXH0Djyww_8,2
W8NXH0Djyww_9,2
6Egk_28TtTM_12,2
6Egk_28TtTM_11,0
6Egk_28TtTM_10,1
c7UH_rxdZv4_8,0
c7UH_rxdZv4_9,1
c7UH_rxdZv4_2,0
c7UH_rxdZv4_3,1
c7UH_rxdZv4_1,0
c7UH_rxdZv4_6,0
c7UH_rxdZv4_7,0
c7UH_rxdZv4_4,2
c7UH_rxdZv4_5,0
G-xst2euQUc_21,2
G-xst2euQUc_20,2
9c67fiY0wGQ_8,2
9c67fiY0wGQ_9,2
9c67fiY0wGQ_4,2
9c67fiY0wGQ_5,2
9c67fiY0wGQ_6,2
9c67fiY0wGQ_7,2
9c67fiY0wGQ_1,1
9c67fiY0wGQ_2,2
9c67fiY0wGQ_3,2
X3j2zQgwYgE_9,0
X3j2zQgwYgE_8,1
X3j2zQgwYgE_7,1
X3j2zQgwYgE_6,1
X3j2zQgwYgE_5,0
X3j2zQgwYgE_4,1
X3j2zQgwYgE_3,0
X3j2zQgwYgE_2,0
X3j2zQgwYgE_1,1
d6hH302o4v8_12,2
pLTX3ipuDJI_13,0
d6hH302o4v8_10,0
Ci-AH39fi3Y_6,2
aiEXnCPZubE_30,2
d6hH302o4v8_16,0
k5Y_838nuGo_4,1
k5Y_838nuGo_5,1
k5Y_838nuGo_6,2
k5Y_838nuGo_7,0
k5Y_838nuGo_1,0
k5Y_838nuGo_2,2
k5Y_838nuGo_3,1
Ci-AH39fi3Y_2,2
k5Y_838nuGo_8,0
k5Y_838nuGo_9,2
ob23OKe5a9Q_1,2
ob23OKe5a9Q_3,0
ZUXBRvtny7o_9,2
ob23OKe5a9Q_5,0
ob23OKe5a9Q_4,0
ob23OKe5a9Q_7,1
ob23OKe5a9Q_6,1
ZUXBRvtny7o_2,0
ZUXBRvtny7o_3,1
ZUXBRvtny7o_1,2
ZUXBRvtny7o_6,1
ZUXBRvtny7o_7,2
ZUXBRvtny7o_4,2
ZUXBRvtny7o_5,2
2WGyTLYerpo_29,1
2WGyTLYerpo_28,2
2WGyTLYerpo_23,1
2WGyTLYerpo_22,1
2WGyTLYerpo_21,1
2WGyTLYerpo_20,1
2WGyTLYerpo_27,2
2WGyTLYerpo_26,2
2WGyTLYerpo_25,2
2WGyTLYerpo_24,2
aiEXnCPZubE_21,0
BioHAh1qJAQ_5,2
BioHAh1qJAQ_4,1
BioHAh1qJAQ_7,2
BioHAh1qJAQ_6,0
BioHAh1qJAQ_1,2
BioHAh1qJAQ_3,1
dq3Nf_lMPnE_4,1
BioHAh1qJAQ_9,2
dq3Nf_lMPnE_7,0
BvYR0L6f2Ig_1,2
yDtzw_Y-7RU_15,1
ZUXBRvtny7o_26,2
VCslbP0mgZI_16,0
aiEXnCPZubE_25,2
03bSnISJMiM_5,1
03bSnISJMiM_4,0
03bSnISJMiM_7,1
03bSnISJMiM_6,1
03bSnISJMiM_1,2
03bSnISJMiM_3,1
03bSnISJMiM_2,1
03bSnISJMiM_9,1
03bSnISJMiM_8,1
jUzDDGyPkXU_19,2
jUzDDGyPkXU_18,0
jUzDDGyPkXU_15,1
jUzDDGyPkXU_14,1
jUzDDGyPkXU_17,0
jUzDDGyPkXU_16,2
jUzDDGyPkXU_11,2
jUzDDGyPkXU_10,2
jUzDDGyPkXU_13,1
jUzDDGyPkXU_12,1
cXypl4FnoZo_18,1
cXypl4FnoZo_19,1
cXypl4FnoZo_16,1
cXypl4FnoZo_17,1
cXypl4FnoZo_14,1
zhpQhgha_KU_31,1
cXypl4FnoZo_12,2
cXypl4FnoZo_13,1
cXypl4FnoZo_10,2
cXypl4FnoZo_11,2
_dI--eQ6qVU_18,1
_dI--eQ6qVU_19,2
_dI--eQ6qVU_10,1
_dI--eQ6qVU_11,1
_dI--eQ6qVU_12,2
_dI--eQ6qVU_13,2
_dI--eQ6qVU_14,2
_dI--eQ6qVU_15,2
_dI--eQ6qVU_16,1
_dI--eQ6qVU_17,1
9T9Hf74oK10_1,1
Ci-AH39fi3Y_3,1
Clx4VXItLTE_9,1
Clx4VXItLTE_8,1
Clx4VXItLTE_5,1
Clx4VXItLTE_4,1
Clx4VXItLTE_7,1
Clx4VXItLTE_6,1
Clx4VXItLTE_1,1
Clx4VXItLTE_3,1
Clx4VXItLTE_2,1
2iD-tVS8NPw_14,1
k5Y_838nuGo_17,1
Af8D0E4ZXaw_30,1
Af8D0E4ZXaw_31,1
k5Y_838nuGo_14,0
2iD-tVS8NPw_17,1
k5Y_838nuGo_12,1
k5Y_838nuGo_13,1
2iD-tVS8NPw_12,2
k5Y_838nuGo_11,1
yDtzw_Y-7RU_19,0
8OtFthrtaJM_3,0
pLTX3ipuDJI_11,1
5W7Z1C_fDaE_7,2
POKffnXeBds_4,0
POKffnXeBds_5,0
8OtFthrtaJM_7,0
yDtzw_Y-7RU_18,0
5W7Z1C_fDaE_3,1
aiEXnCPZubE_23,1
OtBXNcAL_lE_10,1
vyB00TXsimI_17,2
vyB00TXsimI_16,1
vyB00TXsimI_11,1
OtBXNcAL_lE_14,1
OtBXNcAL_lE_17,0
OtBXNcAL_lE_16,1
OtBXNcAL_lE_19,0
OtBXNcAL_lE_18,1
aiEXnCPZubE_29,2
aiEXnCPZubE_28,1
vyB00TXsimI_19,2
vyB00TXsimI_18,2
Dg_0XKD0Mf4_8,1
Dg_0XKD0Mf4_9,0
Dg_0XKD0Mf4_4,1
Dg_0XKD0Mf4_5,1
Dg_0XKD0Mf4_6,0
Dg_0XKD0Mf4_7,0
Dg_0XKD0Mf4_1,1
Dg_0XKD0Mf4_2,1
Dg_0XKD0Mf4_3,2
cW1FSBF59ik_16,2
POKffnXeBds_8,0
lXPQBPVc5Cw_10,0
5W7Z1C_fDaE_9,2
ZUXBRvtny7o_33,1
lXPQBPVc5Cw_13,2
WKA5OygbEKI_8,1
WKA5OygbEKI_9,2
lXPQBPVc5Cw_12,0
dq3Nf_lMPnE_15,1
lXPQBPVc5Cw_15,0
WKA5OygbEKI_2,2
WKA5OygbEKI_3,2
dq3Nf_lMPnE_11,1
dq3Nf_lMPnE_10,1
WKA5OygbEKI_6,0
dq3Nf_lMPnE_12,0
lXPQBPVc5Cw_17,0
lXPQBPVc5Cw_16,1
BXuRRbG0Ugk_2,1
c5xsKMxpXnc_2,0
vyB00TXsimI_3,2
BXuRRbG0Ugk_19,1
BXuRRbG0Ugk_18,0
BXuRRbG0Ugk_15,1
BXuRRbG0Ugk_14,0
BXuRRbG0Ugk_17,0
BXuRRbG0Ugk_16,1
BXuRRbG0Ugk_11,0
BXuRRbG0Ugk_10,2
BXuRRbG0Ugk_13,1
BXuRRbG0Ugk_12,2
yvsjCA6Y5Fc_13,0
yvsjCA6Y5Fc_12,1
yvsjCA6Y5Fc_11,2
yvsjCA6Y5Fc_10,0
yvsjCA6Y5Fc_17,1
yvsjCA6Y5Fc_16,0
yvsjCA6Y5Fc_15,0
yvsjCA6Y5Fc_14,1
yvsjCA6Y5Fc_19,0
yvsjCA6Y5Fc_18,0
atnd_PF-Lbs_1,0
c5xsKMxpXnc_6,0
Clx4VXItLTE_28,1
phBUpBr1hSo_5,0
ZUXBRvtny7o_30,1
ZUXBRvtny7o_31,2
6_0THN4chvY_14,2
6_0THN4chvY_13,2
6_0THN4chvY_12,2
6_0THN4chvY_11,1
6_0THN4chvY_10,1
ZUXBRvtny7o_34,2
jUzDDGyPkXU_20,0
jUzDDGyPkXU_21,1
jUzDDGyPkXU_22,0
jUzDDGyPkXU_23,2
jUzDDGyPkXU_24,1
jUzDDGyPkXU_25,0
jUzDDGyPkXU_26,0
jUzDDGyPkXU_27,0
8OtFthrtaJM_13,0
8OtFthrtaJM_12,1
8OtFthrtaJM_11,1
8OtFthrtaJM_10,1
BXuRRbG0Ugk_9,0
BXuRRbG0Ugk_8,2
8OtFthrtaJM_15,1
IumbAb8q2dM_3,1
BXuRRbG0Ugk_5,1
BXuRRbG0Ugk_4,1
BXuRRbG0Ugk_7,1
8OtFthrtaJM_18,2
BXuRRbG0Ugk_1,1
BXuRRbG0Ugk_3,1
Clx4VXItLTE_25,1
cM3Yna7AavY_13,0
cM3Yna7AavY_12,1
cM3Yna7AavY_11,2
cM3Yna7AavY_10,2
cM3Yna7AavY_16,0
cM3Yna7AavY_15,0
cM3Yna7AavY_14,0
bOL9jKpeJRs_26,1
yDtzw_Y-7RU_16,1
bOL9jKpeJRs_24,1
bOL9jKpeJRs_25,1
yDtzw_Y-7RU_13,0
yDtzw_Y-7RU_12,1
yDtzw_Y-7RU_11,0
yDtzw_Y-7RU_10,1
atnd_PF-Lbs_12,0
atnd_PF-Lbs_13,0
atnd_PF-Lbs_10,0
atnd_PF-Lbs_11,1
atnd_PF-Lbs_16,2
atnd_PF-Lbs_17,1
atnd_PF-Lbs_14,1
atnd_PF-Lbs_15,1
atnd_PF-Lbs_6,1
d6hH302o4v8_34,0
d6hH302o4v8_35,0
d6hH302o4v8_36,0
d6hH302o4v8_37,0
d6hH302o4v8_30,0
d6hH302o4v8_31,0
d6hH302o4v8_32,1
d6hH302o4v8_33,0
d6hH302o4v8_38,0
d6hH302o4v8_39,0
9T9Hf74oK10_10,0
zhpQhgha_KU_35,1
9T9Hf74oK10_14,2
zhpQhgha_KU_30,0
c7UH_rxdZv4_19,0
Af8D0E4ZXaw_29,1
Af8D0E4ZXaw_28,1
9T9Hf74oK10_16,2
Af8D0E4ZXaw_21,1
Af8D0E4ZXaw_20,2
Af8D0E4ZXaw_23,1
9T9Hf74oK10_17,1
Af8D0E4ZXaw_25,0
Af8D0E4ZXaw_24,0
Af8D0E4ZXaw_27,0
Af8D0E4ZXaw_26,0
c7UH_rxdZv4_14,2
c7UH_rxdZv4_15,0
ob23OKe5a9Q_8,1
tIrG4oNLFzE_12,0
lXPQBPVc5Cw_1,1
lXPQBPVc5Cw_3,0
lXPQBPVc5Cw_2,0
lXPQBPVc5Cw_5,1
lXPQBPVc5Cw_4,0
lXPQBPVc5Cw_7,0
lXPQBPVc5Cw_6,0
ob23OKe5a9Q_11,1
ob23OKe5a9Q_10,1
ob23OKe5a9Q_13,1
ob23OKe5a9Q_12,2
ob23OKe5a9Q_14,1
vyB00TXsimI_20,2
vyB00TXsimI_21,2
vyB00TXsimI_22,1
2WGyTLYerpo_8,2
2WGyTLYerpo_9,1
2WGyTLYerpo_1,2
2WGyTLYerpo_2,1
2WGyTLYerpo_3,1
2WGyTLYerpo_4,1
2WGyTLYerpo_5,1
2WGyTLYerpo_6,2
2WGyTLYerpo_7,2
73jzhE8R1TQ_9,1
73jzhE8R1TQ_8,2
73jzhE8R1TQ_7,2
73jzhE8R1TQ_6,2
73jzhE8R1TQ_5,1
73jzhE8R1TQ_4,2
73jzhE8R1TQ_3,1
73jzhE8R1TQ_2,1
73jzhE8R1TQ_1,1
yvsjCA6Y5Fc_3,0
yvsjCA6Y5Fc_2,0
yvsjCA6Y5Fc_1,0
yvsjCA6Y5Fc_7,0
yvsjCA6Y5Fc_6,1
yvsjCA6Y5Fc_5,1
yvsjCA6Y5Fc_4,1
yvsjCA6Y5Fc_9,0
yvsjCA6Y5Fc_8,1
Jkswaaud0hk_19,2
c5xsKMxpXnc_13,0
OtBXNcAL_lE_24,0
OtBXNcAL_lE_20,0
OtBXNcAL_lE_21,0
OtBXNcAL_lE_22,0
OtBXNcAL_lE_23,1
lXPQBPVc5Cw_19,0
lXPQBPVc5Cw_18,0
cW1FSBF59ik_18,2
cW1FSBF59ik_19,1
lXPQBPVc5Cw_11,0
cW1FSBF59ik_17,2
cW1FSBF59ik_14,0
cW1FSBF59ik_15,0
cW1FSBF59ik_12,2
lXPQBPVc5Cw_14,0
cW1FSBF59ik_10,1
cW1FSBF59ik_11,1
BXuRRbG0Ugk_28,2
BXuRRbG0Ugk_29,2
ob23OKe5a9Q_2,1
BXuRRbG0Ugk_20,1
BXuRRbG0Ugk_21,2
BXuRRbG0Ugk_22,1
BXuRRbG0Ugk_23,2
BXuRRbG0Ugk_24,2
BXuRRbG0Ugk_25,1
BXuRRbG0Ugk_26,2
BXuRRbG0Ugk_27,1
PZ-lDQFboO8_2,0
PZ-lDQFboO8_3,0
PZ-lDQFboO8_1,0
PZ-lDQFboO8_6,0
PZ-lDQFboO8_7,0
PZ-lDQFboO8_4,1
PZ-lDQFboO8_5,2
PZ-lDQFboO8_8,1
PZ-lDQFboO8_9,0
tIrG4oNLFzE_7,0
IumbAb8q2dM_2,1
ob23OKe5a9Q_9,0
IumbAb8q2dM_1,1
IumbAb8q2dM_6,2
IumbAb8q2dM_7,1
IumbAb8q2dM_4,2
IumbAb8q2dM_5,2
IumbAb8q2dM_8,2
IumbAb8q2dM_9,2
9c67fiY0wGQ_12,2
9c67fiY0wGQ_10,2
9c67fiY0wGQ_11,2
c5xsKMxpXnc_12,0
Jkswaaud0hk_18,1
c5xsKMxpXnc_10,0
c5xsKMxpXnc_11,1
c5xsKMxpXnc_14,0
c5xsKMxpXnc_15,0
Jkswaaud0hk_11,2
Jkswaaud0hk_10,1
Jkswaaud0hk_13,2
Jkswaaud0hk_12,2
Jkswaaud0hk_15,2
Jkswaaud0hk_14,1
Jkswaaud0hk_17,1
Jkswaaud0hk_16,2
tIrG4oNLFzE_2,2
tIrG4oNLFzE_3,2
Oz06ZWiO20M_9,1
Oz06ZWiO20M_8,1
Oz06ZWiO20M_3,1
Oz06ZWiO20M_2,0
Oz06ZWiO20M_1,2
Oz06ZWiO20M_7,0
Oz06ZWiO20M_6,1
Oz06ZWiO20M_5,1
Oz06ZWiO20M_4,2
tIrG4oNLFzE_6,1
bOL9jKpeJRs_34,2
tIrG4oNLFzE_4,2
tIrG4oNLFzE_5,1
bOL9jKpeJRs_31,1
bOL9jKpeJRs_30,1
bOL9jKpeJRs_33,2
bOL9jKpeJRs_32,1
tIrG4oNLFzE_8,0
tIrG4oNLFzE_9,1
tIrG4oNLFzE_1,2
d6hH302o4v8_23,0
d6hH302o4v8_22,1
d6hH302o4v8_21,0
d6hH302o4v8_20,1
d6hH302o4v8_27,0
d6hH302o4v8_26,0
d6hH302o4v8_25,0
d6hH302o4v8_24,0
d6hH302o4v8_29,0
d6hH302o4v8_28,1
zhpQhgha_KU_18,1
zhpQhgha_KU_19,1
G-xst2euQUc_8,2
G-xst2euQUc_9,2
G-xst2euQUc_4,0
zhpQhgha_KU_13,1
G-xst2euQUc_6,2
zhpQhgha_KU_11,0
zhpQhgha_KU_16,2
G-xst2euQUc_1,2
G-xst2euQUc_2,1
G-xst2euQUc_3,0
c7UH_rxdZv4_32,0
c7UH_rxdZv4_33,0
c7UH_rxdZv4_30,2
c7UH_rxdZv4_31,0
TvyZBvOMOTc_5,2
BioHAh1qJAQ_2,2
Af8D0E4ZXaw_14,2
Af8D0E4ZXaw_15,2
Af8D0E4ZXaw_16,2
Af8D0E4ZXaw_17,2
Af8D0E4ZXaw_10,1
Af8D0E4ZXaw_11,1
Af8D0E4ZXaw_12,2
Af8D0E4ZXaw_13,2
Af8D0E4ZXaw_18,2
Af8D0E4ZXaw_19,2
BioHAh1qJAQ_8,2
VbQk4H8hgr0_15,2
VbQk4H8hgr0_14,0
PZ-lDQFboO8_12,0
zhpQhgha_KU_10,1
tmZoasNr4rU_7,1
tmZoasNr4rU_6,0
tmZoasNr4rU_5,1
tmZoasNr4rU_4,1
tmZoasNr4rU_3,0
tmZoasNr4rU_2,0
tmZoasNr4rU_1,1
tmZoasNr4rU_9,1
tmZoasNr4rU_8,0
7JsX8y1ysxY_11,1
7JsX8y1ysxY_13,0
Jkswaaud0hk_2,2
7JsX8y1ysxY_15,1
7JsX8y1ysxY_14,0
7JsX8y1ysxY_17,1
MLal-t_vJPM_12,0
7JsX8y1ysxY_16,2
v0zCBqDeKcE_2,1
7JsX8y1ysxY_19,1
v0zCBqDeKcE_3,1
Jkswaaud0hk_8,2
tStelxIAHjw_15,1
MLal-t_vJPM_17,1
tStelxIAHjw_16,1
tStelxIAHjw_11,0
tStelxIAHjw_10,1
tStelxIAHjw_13,0
v0zCBqDeKcE_5,2
lXPQBPVc5Cw_24,0
lXPQBPVc5Cw_25,0
lXPQBPVc5Cw_26,0
lXPQBPVc5Cw_27,0
lXPQBPVc5Cw_20,0
MLal-t_vJPM_15,1
lXPQBPVc5Cw_22,2
lXPQBPVc5Cw_23,0
v0zCBqDeKcE_7,2
lXPQBPVc5Cw_28,1
lXPQBPVc5Cw_29,0
BXuRRbG0Ugk_31,1
BXuRRbG0Ugk_30,0
cW1FSBF59ik_13,2
I5y0__X72p0_2,1
I5y0__X72p0_3,0
I5y0__X72p0_1,1
I5y0__X72p0_6,2
I5y0__X72p0_7,0
I5y0__X72p0_4,1
I5y0__X72p0_5,2
I5y0__X72p0_8,1
I5y0__X72p0_9,2
d3_k5Xpfmik_1,2
d3_k5Xpfmik_3,2
d3_k5Xpfmik_2,1
d3_k5Xpfmik_5,2
d3_k5Xpfmik_4,1
d3_k5Xpfmik_7,1
d3_k5Xpfmik_6,2
d3_k5Xpfmik_9,2
d3_k5Xpfmik_8,2
f_pcplsH_V0_12,1
f_pcplsH_V0_13,2
f_pcplsH_V0_10,2
f_pcplsH_V0_11,1
f_pcplsH_V0_14,1
f_pcplsH_V0_15,1
Jkswaaud0hk_20,2
9J25DZhivz8_22,1
cXypl4FnoZo_20,1
9J25DZhivz8_20,2
9J25DZhivz8_21,2
9J25DZhivz8_24,2
9J25DZhivz8_25,2
cXypl4FnoZo_27,1
vyB00TXsimI_4,2
vyB00TXsimI_7,2
cXypl4FnoZo_24,1
vyB00TXsimI_1,1
cXypl4FnoZo_22,1
cXypl4FnoZo_21,1
vyB00TXsimI_2,0
vyB00TXsimI_9,1
vyB00TXsimI_8,2
cXypl4FnoZo_29,0
cXypl4FnoZo_28,0
1iG0909rllw_16,0
BioHAh1qJAQ_14,2
1iG0909rllw_14,1
1iG0909rllw_15,0
1iG0909rllw_12,2
1iG0909rllw_13,2
1iG0909rllw_10,1
1iG0909rllw_11,2
BioHAh1qJAQ_19,2
BioHAh1qJAQ_18,2
1iG0909rllw_18,0
1iG0909rllw_19,1
OtBXNcAL_lE_11,1
9J25DZhivz8_9,2
9J25DZhivz8_8,2
9J25DZhivz8_3,2
9J25DZhivz8_2,2
9J25DZhivz8_1,2
9J25DZhivz8_7,2
9J25DZhivz8_6,2
9J25DZhivz8_5,2
9J25DZhivz8_4,2
OQvJTdtJ2H4_8,1
OQvJTdtJ2H4_9,0
OQvJTdtJ2H4_1,1
OQvJTdtJ2H4_2,1
OQvJTdtJ2H4_3,0
OQvJTdtJ2H4_4,0
OQvJTdtJ2H4_5,1
OQvJTdtJ2H4_6,1
OQvJTdtJ2H4_7,0
9T9Hf74oK10_25,1
9T9Hf74oK10_24,1
9T9Hf74oK10_21,1
9T9Hf74oK10_20,1
9T9Hf74oK10_23,1
9T9Hf74oK10_22,1
OtBXNcAL_lE_12,0
c7UH_rxdZv4_21,1
c7UH_rxdZv4_20,0
c7UH_rxdZv4_23,1
c7UH_rxdZv4_22,0
c7UH_rxdZv4_25,1
c7UH_rxdZv4_24,0
c7UH_rxdZv4_27,0
c7UH_rxdZv4_26,0
c7UH_rxdZv4_29,1
c7UH_rxdZv4_28,1
Iu2PFX3z_1s_1,2
Iu2PFX3z_1s_2,2
Iu2PFX3z_1s_3,2
Iu2PFX3z_1s_4,1
Iu2PFX3z_1s_5,2
Iu2PFX3z_1s_6,1
Iu2PFX3z_1s_7,2
Iu2PFX3z_1s_8,1
Iu2PFX3z_1s_9,2
OtBXNcAL_lE_15,1
Oz06ZWiO20M_22,0
Oz06ZWiO20M_23,0
Oz06ZWiO20M_20,1
Oz06ZWiO20M_21,1
Sqr0AcuoNnk_9,2
Sqr0AcuoNnk_8,1
Oz06ZWiO20M_24,1
Oz06ZWiO20M_25,2
Sqr0AcuoNnk_5,0
Sqr0AcuoNnk_4,0
Sqr0AcuoNnk_7,1
Sqr0AcuoNnk_6,1
Sqr0AcuoNnk_1,1
Sqr0AcuoNnk_3,1
Sqr0AcuoNnk_2,0
Af8D0E4ZXaw_9,1
zhpQhgha_KU_12,0
Nzq88NnDkEk_8,1
Nzq88NnDkEk_9,0
G-xst2euQUc_5,2
Nzq88NnDkEk_2,0
Nzq88NnDkEk_3,1
Nzq88NnDkEk_1,1
Nzq88NnDkEk_6,2
Nzq88NnDkEk_7,2
Nzq88NnDkEk_4,1
Nzq88NnDkEk_5,1
VbQk4H8hgr0_9,1
VbQk4H8hgr0_8,1
G-xst2euQUc_7,2
VbQk4H8hgr0_1,0
f_pcplsH_V0_4,1
VbQk4H8hgr0_3,1
VbQk4H8hgr0_2,2
VbQk4H8hgr0_5,0
VbQk4H8hgr0_4,0
VbQk4H8hgr0_7,0
zhpQhgha_KU_17,2
zhpQhgha_KU_14,0
zhpQhgha_KU_15,0
0h-zjBukYpk_9,1
0h-zjBukYpk_8,1
0h-zjBukYpk_5,1
0h-zjBukYpk_4,0
0h-zjBukYpk_7,2
0h-zjBukYpk_6,0
0h-zjBukYpk_1,1
0h-zjBukYpk_3,1
0h-zjBukYpk_2,0
lXPQBPVc5Cw_30,0
pLTX3ipuDJI_15,0
VCslbP0mgZI_6,2
lXPQBPVc5Cw_21,2
bvLlb-M3UXU_19,2
bvLlb-M3UXU_18,1
cW1FSBF59ik_5,2
bvLlb-M3UXU_15,2
bvLlb-M3UXU_14,1
bvLlb-M3UXU_17,2
bvLlb-M3UXU_16,0
bvLlb-M3UXU_11,1
bvLlb-M3UXU_10,2
bvLlb-M3UXU_13,0
bvLlb-M3UXU_12,2
_dI--eQ6qVU_8,2
_dI--eQ6qVU_9,1
_dI--eQ6qVU_6,2
_dI--eQ6qVU_7,2
_dI--eQ6qVU_4,2
_dI--eQ6qVU_5,2
_dI--eQ6qVU_2,2
_dI--eQ6qVU_3,1
_dI--eQ6qVU_1,2
k5Y_838nuGo_28,2
BioHAh1qJAQ_20,0
BioHAh1qJAQ_21,1
BioHAh1qJAQ_22,0
BioHAh1qJAQ_23,0
BioHAh1qJAQ_24,0
BioHAh1qJAQ_25,0
BioHAh1qJAQ_26,1
BioHAh1qJAQ_27,1
BioHAh1qJAQ_28,0
BioHAh1qJAQ_29,1
bOL9jKpeJRs_19,2
bOL9jKpeJRs_18,2
bOL9jKpeJRs_17,2
bOL9jKpeJRs_16,2
bOL9jKpeJRs_15,2
bOL9jKpeJRs_14,2
bOL9jKpeJRs_13,2
bOL9jKpeJRs_12,2
bOL9jKpeJRs_11,2
bOL9jKpeJRs_10,2
atnd_PF-Lbs_21,2
atnd_PF-Lbs_20,1
VbQk4H8hgr0_48,0
VbQk4H8hgr0_49,0
VbQk4H8hgr0_46,0
VbQk4H8hgr0_47,2
VbQk4H8hgr0_44,0
VbQk4H8hgr0_45,0
VbQk4H8hgr0_42,0
VbQk4H8hgr0_43,0
VbQk4H8hgr0_40,0
VbQk4H8hgr0_41,0
zhpQhgha_KU_34,2
9T9Hf74oK10_11,1
9T9Hf74oK10_12,2
9T9Hf74oK10_13,2
c7UH_rxdZv4_18,0
9T9Hf74oK10_15,1
zhpQhgha_KU_32,1
zhpQhgha_KU_33,1
9T9Hf74oK10_18,2
9T9Hf74oK10_19,2
c7UH_rxdZv4_16,0
c7UH_rxdZv4_17,0
c7UH_rxdZv4_10,1
c7UH_rxdZv4_11,1
c7UH_rxdZv4_12,0
c7UH_rxdZv4_13,0
nbWiPyCm4g0_8,0
nbWiPyCm4g0_9,0
nbWiPyCm4g0_2,0
nbWiPyCm4g0_3,0
nbWiPyCm4g0_1,2
nbWiPyCm4g0_6,1
fvVhgmXxadc_2,0
nbWiPyCm4g0_4,0
nbWiPyCm4g0_5,0
fvVhgmXxadc_3,0
fvVhgmXxadc_4,0
cW1FSBF59ik_22,1
fvVhgmXxadc_6,1
cW1FSBF59ik_20,2
I5y0__X72p0_32,2
I5y0__X72p0_33,2
Jkswaaud0hk_1,2
7JsX8y1ysxY_10,2
Jkswaaud0hk_3,2
7JsX8y1ysxY_12,1
Jkswaaud0hk_5,2
Jkswaaud0hk_4,1
Jkswaaud0hk_7,1
Jkswaaud0hk_6,1
Njd1F0vZSm4_11,0
Njd1F0vZSm4_10,1
Njd1F0vZSm4_13,1
Njd1F0vZSm4_12,0
nzpVDcQ0ywM_9,0
nzpVDcQ0ywM_8,2
nzpVDcQ0ywM_3,1
nzpVDcQ0ywM_2,0
nzpVDcQ0ywM_1,1
nzpVDcQ0ywM_7,1
nzpVDcQ0ywM_6,0
nzpVDcQ0ywM_5,1
nzpVDcQ0ywM_4,0
cXypl4FnoZo_15,1
rnaNMUZpvvg_4,0
rnaNMUZpvvg_5,0
rnaNMUZpvvg_6,0
rnaNMUZpvvg_7,1
rnaNMUZpvvg_1,0
rnaNMUZpvvg_2,2
rnaNMUZpvvg_3,1
rnaNMUZpvvg_8,0
rnaNMUZpvvg_9,0
iiK8YX8oH1E_17,2
iiK8YX8oH1E_16,1
6_0THN4chvY_5,1
phBUpBr1hSo_11,2
cW1FSBF59ik_8,2
cW1FSBF59ik_9,0
cW1FSBF59ik_4,2
6_0THN4chvY_3,2
cW1FSBF59ik_6,2
cW1FSBF59ik_7,1
cW1FSBF59ik_1,0
cW1FSBF59ik_2,2
cW1FSBF59ik_3,1
W8NXH0Djyww_18,2
W8NXH0Djyww_19,1
iiK8YX8oH1E_11,1
W8NXH0Djyww_12,2
W8NXH0Djyww_13,2
W8NXH0Djyww_10,1
W8NXH0Djyww_11,0
W8NXH0Djyww_16,2
W8NXH0Djyww_17,1
W8NXH0Djyww_14,2
W8NXH0Djyww_15,2
fvVhgmXxadc_1,1
I5y0__X72p0_38,1
cW1FSBF59ik_24,1
cW1FSBF59ik_23,2
fvVhgmXxadc_5,1
cW1FSBF59ik_21,2
fvVhgmXxadc_7,1
fvVhgmXxadc_8,1
fvVhgmXxadc_9,1
I5y0__X72p0_30,2
I5y0__X72p0_31,2
I5y0__X72p0_36,0
I5y0__X72p0_37,1
I5y0__X72p0_34,1
I5y0__X72p0_35,2
iiK8YX8oH1E_18,1
wMbj6ajWbic_8,1
bOL9jKpeJRs_22,2
wMbj6ajWbic_9,0
d6hH302o4v8_13,0
BI97DNYfe5I_9,2
Af8D0E4ZXaw_2,1
Af8D0E4ZXaw_3,1
Af8D0E4ZXaw_1,1
Af8D0E4ZXaw_6,0
Af8D0E4ZXaw_7,0
Af8D0E4ZXaw_4,1
Af8D0E4ZXaw_5,1
bvLlb-M3UXU_20,1
bvLlb-M3UXU_21,0
bvLlb-M3UXU_22,0
bvLlb-M3UXU_23,1
bvLlb-M3UXU_24,0
bvLlb-M3UXU_25,0
OQvJTdtJ2H4_12,1
OQvJTdtJ2H4_13,2
OQvJTdtJ2H4_10,0
OQvJTdtJ2H4_11,0
OQvJTdtJ2H4_16,1
vvZ4IcEtiZc_9,2
OQvJTdtJ2H4_15,1
vvZ4IcEtiZc_7,2
vvZ4IcEtiZc_6,1
vvZ4IcEtiZc_5,2
vvZ4IcEtiZc_4,2
vvZ4IcEtiZc_3,2
vvZ4IcEtiZc_2,2
vvZ4IcEtiZc_1,2
d3_k5Xpfmik_11,2
d3_k5Xpfmik_10,1
BI97DNYfe5I_1,2
d3_k5Xpfmik_15,2
d3_k5Xpfmik_14,2
BI97DNYfe5I_5,2
BI97DNYfe5I_4,2
MLal-t_vJPM_3,2
phBUpBr1hSo_18,1
atnd_PF-Lbs_4,0
BioHAh1qJAQ_30,0
1iG0909rllw_30,0
7JsX8y1ysxY_8,0
7JsX8y1ysxY_1,2
7JsX8y1ysxY_3,0
7JsX8y1ysxY_2,2
7JsX8y1ysxY_5,1
7JsX8y1ysxY_4,2
7JsX8y1ysxY_7,0
7JsX8y1ysxY_6,2
9qR7uwkblbs_19,1
9qR7uwkblbs_18,1
9qR7uwkblbs_15,1
9qR7uwkblbs_14,0
9qR7uwkblbs_17,1
9qR7uwkblbs_16,1
9qR7uwkblbs_11,2
9qR7uwkblbs_10,2
9qR7uwkblbs_13,0
9qR7uwkblbs_12,1
MLal-t_vJPM_1,0
VbQk4H8hgr0_55,1
VbQk4H8hgr0_54,0
VbQk4H8hgr0_51,0
VbQk4H8hgr0_50,1
VbQk4H8hgr0_53,1
VbQk4H8hgr0_52,1
fvVhgmXxadc_12,1
fvVhgmXxadc_13,1
fvVhgmXxadc_10,1
fvVhgmXxadc_11,1
Af8D0E4ZXaw_8,1
fvVhgmXxadc_14,1
zhpQhgha_KU_23,1
zhpQhgha_KU_22,1
zhpQhgha_KU_21,1
zhpQhgha_KU_20,0
zhpQhgha_KU_27,1
zhpQhgha_KU_26,1
zhpQhgha_KU_25,1
zhpQhgha_KU_24,1
zhpQhgha_KU_29,0
zhpQhgha_KU_28,2
LSi-o-IrDMs_16,1
LSi-o-IrDMs_17,2
QN9ZIUWUXsY_4,0
QN9ZIUWUXsY_5,2
QN9ZIUWUXsY_2,0
LSi-o-IrDMs_13,0
LSi-o-IrDMs_10,0
LSi-o-IrDMs_11,2
QN9ZIUWUXsY_8,0
LSi-o-IrDMs_19,2
2iD-tVS8NPw_4,2
GWuJjcEuzt8_18,1
OQvJTdtJ2H4_14,1
wMbj6ajWbic_3,1
GWuJjcEuzt8_10,2
GWuJjcEuzt8_11,2
GWuJjcEuzt8_12,2
GWuJjcEuzt8_13,2
GWuJjcEuzt8_14,1
GWuJjcEuzt8_15,1
GWuJjcEuzt8_16,1
GWuJjcEuzt8_17,1
yvsjCA6Y5Fc_22,0
etzxEpPuc6I_16,0
phBUpBr1hSo_10,0
8d-gEyoeBzc_5,0
8d-gEyoeBzc_4,1
8d-gEyoeBzc_7,1
8d-gEyoeBzc_6,0
7JsX8y1ysxY_28,1
7JsX8y1ysxY_29,0
8d-gEyoeBzc_3,1
8d-gEyoeBzc_2,1
7JsX8y1ysxY_24,2
7JsX8y1ysxY_25,2
7JsX8y1ysxY_26,2
7JsX8y1ysxY_27,2
7JsX8y1ysxY_20,1
7JsX8y1ysxY_21,2
7JsX8y1ysxY_22,2
7JsX8y1ysxY_23,2
8qrpnFRGt2A_21,0
Clx4VXItLTE_19,2
Clx4VXItLTE_18,1
Clx4VXItLTE_15,1
Clx4VXItLTE_14,2
Clx4VXItLTE_17,1
Clx4VXItLTE_16,0
Clx4VXItLTE_11,0
Clx4VXItLTE_10,1
Clx4VXItLTE_13,1
Clx4VXItLTE_12,0
vvZ4IcEtiZc_12,1
03bSnISJMiM_13,2
03bSnISJMiM_12,2
nbWiPyCm4g0_7,0
wMbj6ajWbic_11,1
BvYR0L6f2Ig_5,1
BvYR0L6f2Ig_4,1
BvYR0L6f2Ig_7,2
d6hH302o4v8_3,1
d6hH302o4v8_4,0
d6hH302o4v8_5,1
d6hH302o4v8_6,0
BvYR0L6f2Ig_2,2
d6hH302o4v8_8,0
d6hH302o4v8_9,0
BvYR0L6f2Ig_9,2
BvYR0L6f2Ig_8,1
etzxEpPuc6I_15,1
etzxEpPuc6I_14,0
atnd_PF-Lbs_2,0
atnd_PF-Lbs_3,0
etzxEpPuc6I_11,0
etzxEpPuc6I_10,0
etzxEpPuc6I_13,0
etzxEpPuc6I_12,1
I5y0__X72p0_21,1
I5y0__X72p0_20,1
I5y0__X72p0_23,0
I5y0__X72p0_22,0
etzxEpPuc6I_19,1
etzxEpPuc6I_18,2
I5y0__X72p0_27,0
I5y0__X72p0_26,1
iiK8YX8oH1E_9,1
iiK8YX8oH1E_8,1
iiK8YX8oH1E_7,0
iiK8YX8oH1E_6,1
iiK8YX8oH1E_5,1
iiK8YX8oH1E_4,0
iiK8YX8oH1E_3,1
iiK8YX8oH1E_2,2
iiK8YX8oH1E_1,0
ZUXBRvtny7o_8,0
9J25DZhivz8_19,1
9J25DZhivz8_18,1
9J25DZhivz8_13,1
9J25DZhivz8_12,1
9J25DZhivz8_11,1
9J25DZhivz8_10,2
9J25DZhivz8_17,1
9J25DZhivz8_16,2
9J25DZhivz8_15,1
9J25DZhivz8_14,2
1iG0909rllw_29,0
1iG0909rllw_28,2
1iG0909rllw_27,2
1iG0909rllw_26,1
1iG0909rllw_25,2
1iG0909rllw_24,1
1iG0909rllw_23,2
1iG0909rllw_22,1
1iG0909rllw_21,1
1iG0909rllw_20,1
Ci-AH39fi3Y_19,1
Ci-AH39fi3Y_18,0
Ci-AH39fi3Y_15,1
Ci-AH39fi3Y_14,1
Ci-AH39fi3Y_17,0
Ci-AH39fi3Y_16,0
Ci-AH39fi3Y_11,0
Ci-AH39fi3Y_10,1
Ci-AH39fi3Y_13,0
Ci-AH39fi3Y_12,2
9qR7uwkblbs_28,1
9qR7uwkblbs_29,1
9qR7uwkblbs_20,1
9qR7uwkblbs_21,0
9qR7uwkblbs_22,1
9qR7uwkblbs_23,0
9qR7uwkblbs_24,1
9qR7uwkblbs_25,2
9qR7uwkblbs_26,1
9qR7uwkblbs_27,1
rnaNMUZpvvg_16,0
rnaNMUZpvvg_17,0
rnaNMUZpvvg_14,0
rnaNMUZpvvg_15,0
jUzDDGyPkXU_9,2
jUzDDGyPkXU_8,2
rnaNMUZpvvg_10,0
rnaNMUZpvvg_11,0
jUzDDGyPkXU_5,0
jUzDDGyPkXU_4,0
jUzDDGyPkXU_7,1
jUzDDGyPkXU_6,0
jUzDDGyPkXU_1,2
jUzDDGyPkXU_3,1
rnaNMUZpvvg_19,0
7JsX8y1ysxY_9,2
8d-gEyoeBzc_15,1
8d-gEyoeBzc_14,1
8d-gEyoeBzc_17,1
8d-gEyoeBzc_16,2
8d-gEyoeBzc_11,2
8d-gEyoeBzc_10,1
8d-gEyoeBzc_13,2
8d-gEyoeBzc_12,2
8d-gEyoeBzc_19,2
8d-gEyoeBzc_18,1
Nzq88NnDkEk_32,2
Nzq88NnDkEk_30,0
Nzq88NnDkEk_31,2
v0zCBqDeKcE_12,1
v0zCBqDeKcE_13,2
v0zCBqDeKcE_10,2
v0zCBqDeKcE_11,2
v0zCBqDeKcE_16,1
v0zCBqDeKcE_14,2
v0zCBqDeKcE_15,2
WKA5OygbEKI_12,1
WKA5OygbEKI_13,2
WKA5OygbEKI_10,1
WKA5OygbEKI_11,1
WKA5OygbEKI_16,2
WKA5OygbEKI_17,1
WKA5OygbEKI_14,2
WKA5OygbEKI_15,2
WKA5OygbEKI_18,1
WKA5OygbEKI_19,0
HEsqda8_d0Q_8,2
c5xsKMxpXnc_8,0
c5xsKMxpXnc_9,0
9T9Hf74oK10_7,1
pLTX3ipuDJI_12,0
c5xsKMxpXnc_1,1
pLTX3ipuDJI_10,0
c5xsKMxpXnc_3,0
pLTX3ipuDJI_16,0
c5xsKMxpXnc_5,0
pLTX3ipuDJI_14,0
c5xsKMxpXnc_7,0
9T9Hf74oK10_5,0
dq3Nf_lMPnE_9,1
dq3Nf_lMPnE_8,1
dq3Nf_lMPnE_5,2
MLal-t_vJPM_7,2
HEsqda8_d0Q_9,2
dq3Nf_lMPnE_6,1
dq3Nf_lMPnE_1,1
dq3Nf_lMPnE_3,0
dq3Nf_lMPnE_2,0
MLal-t_vJPM_5,2
VCslbP0mgZI_15,1
VCslbP0mgZI_14,0
VCslbP0mgZI_17,1
MLal-t_vJPM_4,2
VCslbP0mgZI_11,0
VCslbP0mgZI_10,0
VCslbP0mgZI_13,1
VCslbP0mgZI_12,1
8qrpnFRGt2A_9,1
8qrpnFRGt2A_8,1
wMbj6ajWbic_6,2
MLal-t_vJPM_8,2
7JsX8y1ysxY_39,2
7JsX8y1ysxY_38,0
wMbj6ajWbic_2,1
tStelxIAHjw_14,0
7JsX8y1ysxY_33,2
7JsX8y1ysxY_32,1
7JsX8y1ysxY_31,2
7JsX8y1ysxY_30,2
7JsX8y1ysxY_37,0
7JsX8y1ysxY_36,0
7JsX8y1ysxY_35,1
7JsX8y1ysxY_34,1
Oz06ZWiO20M_19,1
Oz06ZWiO20M_18,2
Oz06ZWiO20M_13,1
Oz06ZWiO20M_12,1
Oz06ZWiO20M_11,0
Oz06ZWiO20M_10,1
Oz06ZWiO20M_17,1
Oz06ZWiO20M_16,1
Oz06ZWiO20M_15,1
Oz06ZWiO20M_14,1
tStelxIAHjw_12,1
ZUXBRvtny7o_32,1
Clx4VXItLTE_29,1
phBUpBr1hSo_6,2
phBUpBr1hSo_7,1
phBUpBr1hSo_1,2
phBUpBr1hSo_2,2
phBUpBr1hSo_3,2
Clx4VXItLTE_20,2
Clx4VXItLTE_21,1
Clx4VXItLTE_22,1
Clx4VXItLTE_23,2
phBUpBr1hSo_8,0
phBUpBr1hSo_9,0
Clx4VXItLTE_26,1
Clx4VXItLTE_27,1
2WGyTLYerpo_58,0
2WGyTLYerpo_59,2
2WGyTLYerpo_56,1
2WGyTLYerpo_57,0
2WGyTLYerpo_54,0
2WGyTLYerpo_55,1
2WGyTLYerpo_52,1
2WGyTLYerpo_53,1
2WGyTLYerpo_50,0
2WGyTLYerpo_51,1
W8NXH0Djyww_30,1
W8NXH0Djyww_31,1
W8NXH0Djyww_32,2
I5y0__X72p0_14,1
I5y0__X72p0_15,1
I5y0__X72p0_16,1
I5y0__X72p0_17,1
I5y0__X72p0_10,2
I5y0__X72p0_11,1
I5y0__X72p0_12,1
I5y0__X72p0_13,1
I5y0__X72p0_18,2
I5y0__X72p0_19,1
phBUpBr1hSo_4,1
bvLlb-M3UXU_9,1
bvLlb-M3UXU_8,1
bvLlb-M3UXU_5,0
bvLlb-M3UXU_4,2
bvLlb-M3UXU_7,1
bvLlb-M3UXU_6,1
bvLlb-M3UXU_1,1
bvLlb-M3UXU_3,0
bvLlb-M3UXU_2,0
2iD-tVS8NPw_30,1
f9O3YtZ2VfI_3,1
ZUXBRvtny7o_20,1
f9O3YtZ2VfI_1,0
ZUXBRvtny7o_25,2
f9O3YtZ2VfI_6,0
ZUXBRvtny7o_27,1
f9O3YtZ2VfI_4,0
Ci-AH39fi3Y_28,1
Ci-AH39fi3Y_29,2
Ci-AH39fi3Y_20,2
Ci-AH39fi3Y_21,2
Ci-AH39fi3Y_22,1
Ci-AH39fi3Y_23,1
Ci-AH39fi3Y_24,1
Ci-AH39fi3Y_25,2
Ci-AH39fi3Y_26,1
Ci-AH39fi3Y_27,1
9qR7uwkblbs_33,1
9qR7uwkblbs_32,2
9qR7uwkblbs_31,1
9qR7uwkblbs_30,1
1iG0909rllw_4,0
1iG0909rllw_5,2
1iG0909rllw_6,2
1iG0909rllw_7,1
1iG0909rllw_1,1
1iG0909rllw_2,0
1iG0909rllw_3,2
1iG0909rllw_8,0
1iG0909rllw_9,1
c5xsKMxpXnc_4,2
etzxEpPuc6I_5,1
etzxEpPuc6I_4,1
etzxEpPuc6I_7,0
etzxEpPuc6I_6,1
etzxEpPuc6I_1,1
etzxEpPuc6I_3,0
etzxEpPuc6I_2,2
etzxEpPuc6I_9,0
etzxEpPuc6I_8,1
8d-gEyoeBzc_20,2
8d-gEyoeBzc_21,0
8d-gEyoeBzc_22,1
8d-gEyoeBzc_23,1
8d-gEyoeBzc_24,0
8d-gEyoeBzc_25,2
8d-gEyoeBzc_26,1
8d-gEyoeBzc_27,0
8d-gEyoeBzc_28,1
8d-gEyoeBzc_29,0
8qrpnFRGt2A_19,1
8qrpnFRGt2A_18,1
8qrpnFRGt2A_11,1
8qrpnFRGt2A_10,0
8qrpnFRGt2A_13,1
8qrpnFRGt2A_12,0
8qrpnFRGt2A_15,0
8qrpnFRGt2A_14,0
8qrpnFRGt2A_17,1
8qrpnFRGt2A_16,1
Nzq88NnDkEk_21,0
Nzq88NnDkEk_20,0
Nzq88NnDkEk_23,0
Nzq88NnDkEk_22,1
Nzq88NnDkEk_25,0
Nzq88NnDkEk_24,1
Nzq88NnDkEk_27,0
Nzq88NnDkEk_26,0
Nzq88NnDkEk_29,2
Nzq88NnDkEk_28,1
OtBXNcAL_lE_9,2
OtBXNcAL_lE_8,1
03bSnISJMiM_11,1
03bSnISJMiM_10,0
vvZ4IcEtiZc_11,2
vvZ4IcEtiZc_10,0
OtBXNcAL_lE_1,1
OtBXNcAL_lE_3,0
OtBXNcAL_lE_2,0
OtBXNcAL_lE_5,0
OtBXNcAL_lE_4,0
OtBXNcAL_lE_7,0
OtBXNcAL_lE_6,1
LSi-o-IrDMs_27,1
vyB00TXsimI_15,2
aiEXnCPZubE_22,2
OtBXNcAL_lE_13,0
aiEXnCPZubE_20,0
BI97DNYfe5I_21,2
aiEXnCPZubE_27,2
aiEXnCPZubE_26,2
vyB00TXsimI_13,2
aiEXnCPZubE_24,0
2WGyTLYerpo_40,1
ZUXBRvtny7o_21,2
f9O3YtZ2VfI_2,1
ZUXBRvtny7o_23,1
ZUXBRvtny7o_22,1
f9O3YtZ2VfI_7,0
ZUXBRvtny7o_24,2
f9O3YtZ2VfI_5,0
Clx4VXItLTE_30,0
ZUXBRvtny7o_29,2
ZUXBRvtny7o_28,0
f9O3YtZ2VfI_9,0
f9O3YtZ2VfI_8,0
yDtzw_Y-7RU_9,1
yDtzw_Y-7RU_8,0
yDtzw_Y-7RU_7,1
yDtzw_Y-7RU_6,0
yDtzw_Y-7RU_5,1
yDtzw_Y-7RU_4,1
yDtzw_Y-7RU_3,1
yDtzw_Y-7RU_2,1
yDtzw_Y-7RU_1,1
cXypl4FnoZo_8,2
cXypl4FnoZo_9,2
cXypl4FnoZo_4,1
cXypl4FnoZo_5,2
cXypl4FnoZo_6,1
cXypl4FnoZo_7,1
cXypl4FnoZo_1,1
cXypl4FnoZo_2,1
cXypl4FnoZo_3,2
QN9ZIUWUXsY_6,1
2WGyTLYerpo_49,1
2WGyTLYerpo_48,1
QN9ZIUWUXsY_7,1
2WGyTLYerpo_45,1
2WGyTLYerpo_44,1
2WGyTLYerpo_47,1
2WGyTLYerpo_46,2
2WGyTLYerpo_41,1
LSi-o-IrDMs_14,2
2WGyTLYerpo_43,2
2WGyTLYerpo_42,1
LSi-o-IrDMs_15,1
I5y0__X72p0_25,2
LSi-o-IrDMs_12,1
QN9ZIUWUXsY_3,2
W8NXH0Djyww_23,2
W8NXH0Djyww_22,1
W8NXH0Djyww_21,2
W8NXH0Djyww_20,1
W8NXH0Djyww_27,2
W8NXH0Djyww_26,2
W8NXH0Djyww_25,2
W8NXH0Djyww_24,2
W8NXH0Djyww_29,0
QN9ZIUWUXsY_1,1
I5y0__X72p0_24,0
LSi-o-IrDMs_18,2
QN9ZIUWUXsY_9,0
2iD-tVS8NPw_29,2
2iD-tVS8NPw_28,2
2iD-tVS8NPw_21,1
2iD-tVS8NPw_20,1
2iD-tVS8NPw_23,1
2iD-tVS8NPw_22,2
2iD-tVS8NPw_25,1
2iD-tVS8NPw_24,1
2iD-tVS8NPw_27,2
2iD-tVS8NPw_26,1
W8NXH0Djyww_28,2
zhpQhgha_KU_1,0
zhpQhgha_KU_2,2
zhpQhgha_KU_3,0
zhpQhgha_KU_4,0
zhpQhgha_KU_5,0
zhpQhgha_KU_6,1
zhpQhgha_KU_7,1
zhpQhgha_KU_8,1
zhpQhgha_KU_9,1
k5Y_838nuGo_27,1
Iu2PFX3z_1s_12,2
Iu2PFX3z_1s_13,1
Iu2PFX3z_1s_10,2
Iu2PFX3z_1s_11,2
Iu2PFX3z_1s_16,1
Iu2PFX3z_1s_14,2
Iu2PFX3z_1s_15,2
9J25DZhivz8_23,2
Ci-AH39fi3Y_37,2
Ci-AH39fi3Y_36,0
Ci-AH39fi3Y_35,1
Ci-AH39fi3Y_34,1
Ci-AH39fi3Y_33,0
Ci-AH39fi3Y_32,2
Ci-AH39fi3Y_31,2
Ci-AH39fi3Y_30,1
Ci-AH39fi3Y_39,2
Ci-AH39fi3Y_38,2
BI97DNYfe5I_22,2
BI97DNYfe5I_23,2
BI97DNYfe5I_20,1
f_pcplsH_V0_3,1
BI97DNYfe5I_26,1
BI97DNYfe5I_27,1
BI97DNYfe5I_24,2
BI97DNYfe5I_25,2
f_pcplsH_V0_8,1
f_pcplsH_V0_9,0
BI97DNYfe5I_28,2
BI97DNYfe5I_29,1
8d-gEyoeBzc_30,1
dq3Nf_lMPnE_14,0
vyB00TXsimI_5,2
cXypl4FnoZo_26,1
WKA5OygbEKI_4,2
cXypl4FnoZo_25,0
WKA5OygbEKI_5,1
8qrpnFRGt2A_24,1
8qrpnFRGt2A_25,1
8qrpnFRGt2A_26,0
vyB00TXsimI_6,2
8qrpnFRGt2A_20,1
dq3Nf_lMPnE_13,0
8qrpnFRGt2A_22,1
8qrpnFRGt2A_23,1
Nzq88NnDkEk_14,1
cXypl4FnoZo_23,1
Nzq88NnDkEk_16,0
WKA5OygbEKI_7,2
Nzq88NnDkEk_10,0
Nzq88NnDkEk_11,0
Nzq88NnDkEk_12,0
Nzq88NnDkEk_13,0
cM3Yna7AavY_3,1
cM3Yna7AavY_2,2
cM3Yna7AavY_1,2
cM3Yna7AavY_7,2
cM3Yna7AavY_6,2
cM3Yna7AavY_5,2
cM3Yna7AavY_4,1
cM3Yna7AavY_9,1
cM3Yna7AavY_8,1
I5y0__X72p0_39,2
VbQk4H8hgr0_21,0
BioHAh1qJAQ_15,1
f9O3YtZ2VfI_28,2
f9O3YtZ2VfI_29,0
1iG0909rllw_17,0
f9O3YtZ2VfI_22,2
f9O3YtZ2VfI_23,2
f9O3YtZ2VfI_20,1
f9O3YtZ2VfI_21,2
f9O3YtZ2VfI_26,2
BioHAh1qJAQ_17,2
f9O3YtZ2VfI_24,0
f9O3YtZ2VfI_25,0
BioHAh1qJAQ_16,1
BioHAh1qJAQ_11,1
BioHAh1qJAQ_10,1
BioHAh1qJAQ_13,2
BioHAh1qJAQ_12,1
atnd_PF-Lbs_19,1
phBUpBr1hSo_16,0
phBUpBr1hSo_17,2
phBUpBr1hSo_14,0
phBUpBr1hSo_15,0
phBUpBr1hSo_12,2
phBUpBr1hSo_13,1
wMbj6ajWbic_18,1
LSi-o-IrDMs_28,0
wMbj6ajWbic_16,1
LSi-o-IrDMs_26,0
wMbj6ajWbic_14,1
LSi-o-IrDMs_24,2
LSi-o-IrDMs_23,1
LSi-o-IrDMs_22,2
LSi-o-IrDMs_21,2
LSi-o-IrDMs_20,0
ZUXBRvtny7o_18,2
ZUXBRvtny7o_19,1
ZUXBRvtny7o_14,2
ZUXBRvtny7o_15,1
ZUXBRvtny7o_16,0
ZUXBRvtny7o_17,2
ZUXBRvtny7o_10,1
ZUXBRvtny7o_11,2
ZUXBRvtny7o_12,2
ZUXBRvtny7o_13,2
6Egk_28TtTM_9,1
6Egk_28TtTM_8,1
6Egk_28TtTM_3,2
6Egk_28TtTM_2,2
6Egk_28TtTM_1,2
6Egk_28TtTM_7,2
6Egk_28TtTM_6,2
6Egk_28TtTM_5,2
6Egk_28TtTM_4,2
8d-gEyoeBzc_9,2
8d-gEyoeBzc_8,2
Vj1wYRQjB-o_2,2
Vj1wYRQjB-o_3,1
Vj1wYRQjB-o_1,2
Vj1wYRQjB-o_6,2
Vj1wYRQjB-o_7,2
Vj1wYRQjB-o_4,1
Vj1wYRQjB-o_5,1
Vj1wYRQjB-o_8,2
Vj1wYRQjB-o_9,2
GWuJjcEuzt8_8,0
GWuJjcEuzt8_9,2
GWuJjcEuzt8_6,0
GWuJjcEuzt8_7,1
GWuJjcEuzt8_4,1
GWuJjcEuzt8_5,0
GWuJjcEuzt8_2,1
GWuJjcEuzt8_3,2
GWuJjcEuzt8_1,2
8qrpnFRGt2A_5,0
2iD-tVS8NPw_2,2
2iD-tVS8NPw_3,2
2iD-tVS8NPw_1,1
2iD-tVS8NPw_6,2
2iD-tVS8NPw_7,2
tmZoasNr4rU_20,1
2iD-tVS8NPw_5,2
2iD-tVS8NPw_8,2
2iD-tVS8NPw_9,2
k5Y_838nuGo_16,1
2iD-tVS8NPw_15,0
2iD-tVS8NPw_16,0
k5Y_838nuGo_15,1
2iD-tVS8NPw_10,2
2iD-tVS8NPw_11,1
k5Y_838nuGo_10,2
2iD-tVS8NPw_13,2
8qrpnFRGt2A_4,0
2iD-tVS8NPw_18,1
2iD-tVS8NPw_19,1
k5Y_838nuGo_18,1
k5Y_838nuGo_19,1
nzpVDcQ0ywM_22,2
nzpVDcQ0ywM_23,2
nzpVDcQ0ywM_20,1
nzpVDcQ0ywM_21,0
nzpVDcQ0ywM_24,2
5W7Z1C_fDaE_10,1
5W7Z1C_fDaE_11,2
POKffnXeBds_12,0
Ci-AH39fi3Y_42,0
Ci-AH39fi3Y_43,2
Ci-AH39fi3Y_40,0
Ci-AH39fi3Y_41,0
Ci-AH39fi3Y_44,1
rnaNMUZpvvg_22,0
rnaNMUZpvvg_21,0
rnaNMUZpvvg_20,1
BI97DNYfe5I_31,1
BI97DNYfe5I_30,2
Clx4VXItLTE_31,1
VbQk4H8hgr0_11,1
VbQk4H8hgr0_10,1
VbQk4H8hgr0_13,0
VbQk4H8hgr0_12,0
PZ-lDQFboO8_10,2
PZ-lDQFboO8_11,1
VbQk4H8hgr0_17,0
VbQk4H8hgr0_16,0
VbQk4H8hgr0_19,0
VbQk4H8hgr0_18,0
1DmNV9C1hbY_14,0
1DmNV9C1hbY_12,1
1DmNV9C1hbY_13,1
1DmNV9C1hbY_10,2
1DmNV9C1hbY_11,0
HEsqda8_d0Q_6,2
HEsqda8_d0Q_7,2
MLal-t_vJPM_13,1
v0zCBqDeKcE_1,2
MLal-t_vJPM_11,0
MLal-t_vJPM_10,0
v0zCBqDeKcE_4,1
MLal-t_vJPM_16,0
v0zCBqDeKcE_6,1
MLal-t_vJPM_14,0
v0zCBqDeKcE_8,2
v0zCBqDeKcE_9,2
MLal-t_vJPM_18,1
WKA5OygbEKI_22,1
WKA5OygbEKI_21,2
WKA5OygbEKI_20,1
Dg_0XKD0Mf4_13,1
8d-gEyoeBzc_1,2
5W7Z1C_fDaE_24,2
5W7Z1C_fDaE_21,2
5W7Z1C_fDaE_20,2
5W7Z1C_fDaE_23,2
5W7Z1C_fDaE_22,2
f9O3YtZ2VfI_30,1
VCslbP0mgZI_9,0
VCslbP0mgZI_8,0
VCslbP0mgZI_5,1
VCslbP0mgZI_4,0
VCslbP0mgZI_7,2
POKffnXeBds_13,0
VCslbP0mgZI_1,1
VCslbP0mgZI_3,1
VCslbP0mgZI_2,1
Bfr499ggo-0_21,0
Bfr499ggo-0_20,0
Bfr499ggo-0_22,1
5W7Z1C_fDaE_4,1
HEsqda8_d0Q_18,0
HEsqda8_d0Q_19,1
HEsqda8_d0Q_12,1
HEsqda8_d0Q_13,1
HEsqda8_d0Q_10,1
HEsqda8_d0Q_11,2
HEsqda8_d0Q_16,2
HEsqda8_d0Q_17,1
HEsqda8_d0Q_14,2
HEsqda8_d0Q_15,1
vvZ4IcEtiZc_8,0
d3_k5Xpfmik_19,1
d3_k5Xpfmik_18,1
WKA5OygbEKI_1,2
BI97DNYfe5I_8,1
BI97DNYfe5I_3,1
BI97DNYfe5I_2,1
d3_k5Xpfmik_13,2
d3_k5Xpfmik_12,2
BI97DNYfe5I_7,1
BI97DNYfe5I_6,2
d3_k5Xpfmik_17,2
d3_k5Xpfmik_16,2
G6GlGvlkxAQ_16,1
G6GlGvlkxAQ_17,1
G6GlGvlkxAQ_14,1
G6GlGvlkxAQ_15,0
G6GlGvlkxAQ_12,0
G6GlGvlkxAQ_13,1
G6GlGvlkxAQ_10,2
G6GlGvlkxAQ_11,2
G6GlGvlkxAQ_18,1
G6GlGvlkxAQ_19,1
2WGyTLYerpo_63,2
2WGyTLYerpo_62,2
2WGyTLYerpo_61,2
2WGyTLYerpo_60,2
Qr1Ca94K55A_7,1
LSi-o-IrDMs_4,1
LSi-o-IrDMs_5,1
LSi-o-IrDMs_6,0
LSi-o-IrDMs_7,1
LSi-o-IrDMs_1,1
LSi-o-IrDMs_2,0
LSi-o-IrDMs_3,1
LSi-o-IrDMs_8,1
LSi-o-IrDMs_9,1
POKffnXeBds_2,1
IumbAb8q2dM_21,2
IumbAb8q2dM_20,2
IumbAb8q2dM_22,2
9T9Hf74oK10_6,1
ZAIRrfG22O0_8,0
ZAIRrfG22O0_9,0
ZAIRrfG22O0_1,0
ZAIRrfG22O0_2,0
ZAIRrfG22O0_3,1
ZAIRrfG22O0_4,0
ZAIRrfG22O0_5,1
ZAIRrfG22O0_6,2
ZAIRrfG22O0_7,0
POKffnXeBds_1,1
9T9Hf74oK10_4,1
Sqr0AcuoNnk_19,1
Sqr0AcuoNnk_18,1
Sqr0AcuoNnk_15,2
Sqr0AcuoNnk_14,2
Sqr0AcuoNnk_17,1
Sqr0AcuoNnk_16,2
Sqr0AcuoNnk_11,0
Sqr0AcuoNnk_10,1
Sqr0AcuoNnk_13,2
Sqr0AcuoNnk_12,2
bOL9jKpeJRs_7,1
bOL9jKpeJRs_6,2
bOL9jKpeJRs_5,2
bOL9jKpeJRs_4,2
bOL9jKpeJRs_3,2
bOL9jKpeJRs_2,2
bOL9jKpeJRs_1,2
d6hH302o4v8_41,0
bOL9jKpeJRs_9,1
bOL9jKpeJRs_8,1
BvYR0L6f2Ig_13,0
BvYR0L6f2Ig_12,1
9T9Hf74oK10_2,2
VbQk4H8hgr0_28,0
VbQk4H8hgr0_29,1
d6hH302o4v8_1,0
VbQk4H8hgr0_24,0
VbQk4H8hgr0_25,0
VbQk4H8hgr0_26,0
VbQk4H8hgr0_27,0
VbQk4H8hgr0_20,0
d6hH302o4v8_2,0
VbQk4H8hgr0_22,0
VbQk4H8hgr0_23,0
BvYR0L6f2Ig_6,1
pLTX3ipuDJI_4,0
9T9Hf74oK10_3,1
2WGyTLYerpo_39,1
BvYR0L6f2Ig_3,1
d6hH302o4v8_7,0
pLTX3ipuDJI_8,0
2WGyTLYerpo_35,2
f_pcplsH_V0_1,1
f_pcplsH_V0_2,2
POKffnXeBds_10,0
POKffnXeBds_11,0
5W7Z1C_fDaE_12,1
5W7Z1C_fDaE_13,2
5W7Z1C_fDaE_14,2
5W7Z1C_fDaE_15,1
5W7Z1C_fDaE_16,0
5W7Z1C_fDaE_17,1
5W7Z1C_fDaE_18,2
5W7Z1C_fDaE_19,2
f_pcplsH_V0_5,2
I5y0__X72p0_29,2
f_pcplsH_V0_6,2
I5y0__X72p0_28,2
f_pcplsH_V0_7,1
etzxEpPuc6I_17,1
TvyZBvOMOTc_6,0
TvyZBvOMOTc_1,1
atnd_PF-Lbs_5,0
TvyZBvOMOTc_3,2
atnd_PF-Lbs_7,0
atnd_PF-Lbs_8,1
atnd_PF-Lbs_9,0
Bfr499ggo-0_14,1
Bfr499ggo-0_15,1
Bfr499ggo-0_16,2
Bfr499ggo-0_17,2
Bfr499ggo-0_10,1
Bfr499ggo-0_11,1
Bfr499ggo-0_12,0
Bfr499ggo-0_13,0
TvyZBvOMOTc_9,1
Bfr499ggo-0_18,1
Bfr499ggo-0_19,0
TvyZBvOMOTc_8,0
BvYR0L6f2Ig_15,0
BvYR0L6f2Ig_14,0
BvYR0L6f2Ig_17,2
BvYR0L6f2Ig_16,2
BvYR0L6f2Ig_11,1
d6hH302o4v8_40,1
d6hH302o4v8_43,0
d6hH302o4v8_42,0
8OtFthrtaJM_17,1
BvYR0L6f2Ig_19,2
BvYR0L6f2Ig_18,1
8OtFthrtaJM_16,1
8OtFthrtaJM_14,0
Qr1Ca94K55A_2,0
Qr1Ca94K55A_9,2
Qr1Ca94K55A_8,2
wMbj6ajWbic_30,1
Qr1Ca94K55A_6,2
Qr1Ca94K55A_5,0
Qr1Ca94K55A_4,2
Qr1Ca94K55A_3,0
8OtFthrtaJM_19,0
Qr1Ca94K55A_1,2
